ScientificName,AphiaID,Kingdom,Phylum,Class,Order,Family,Genus,Rank,Source
Riftia pachyptila,266010,Animalia,Annelida,Polychaeta,Sabellida,Siboglinidae,Riftia,Species,WoRMS_API
Tevnia jerichonana,266028,Animalia,Annelida,Polychaeta,Sabellida,Siboglinidae,Tevnia,Species,WoRMS_API
Rimicaris acuminata,1736279,Animalia,Arthropoda,Malacostraca,Decapoda,Alvinocarididae,Rimicaris,Species,WoRMS_API
Rimicaris aurantiaca,586790,Animalia,Arthropoda,Malacostraca,Decapoda,Alvinocarididae,Rimicaris,Species,WoRMS_API
Rimicaris cambonae,1735622,Animalia,Arthropoda,Malacostraca,Decapoda,Alvinocarididae,Rimicaris,Species,WoRMS_API
Rimicaris chacei,586785,Animalia,Arthropoda,Malacostraca,Decapoda,Alvinocarididae,Rimicaris,Species,WoRMS_API
Rimicaris exoculata,107542,Animalia,Arthropoda,Malacostraca,Decapoda,Alvinocarididae,Rimicaris,Species,WoRMS_API
Rimicaris falkorae,1454454,Animalia,Arthropoda,Malacostraca,Decapoda,Alvinocarididae,Rimicaris,Species,WoRMS_API
Rimicaris hybisae,762988,Animalia,Arthropoda,Malacostraca,Decapoda,Alvinocarididae,Rimicaris,Species,WoRMS_API
Rimicaris kairei,378102,Animalia,Arthropoda,Malacostraca,Decapoda,Alvinocarididae,Rimicaris,Species,WoRMS_API
Rimicaris leurokolos,1736281,Animalia,Arthropoda,Malacostraca,Decapoda,Alvinocarididae,Rimicaris,Species,WoRMS_API
Rimicaris loihi,1736282,Animalia,Arthropoda,Malacostraca,Decapoda,Alvinocarididae,Rimicaris,Species,WoRMS_API
Rimicaris parva,932589,Animalia,Arthropoda,Malacostraca,Decapoda,Alvinocarididae,Rimicaris,Species,WoRMS_API
Rimicaris paulexa,932590,Animalia,Arthropoda,Malacostraca,Decapoda,Alvinocarididae,Rimicaris,Species,WoRMS_API
Rimicaris semidentata,1736284,Animalia,Arthropoda,Malacostraca,Decapoda,Alvinocarididae,Rimicaris,Species,WoRMS_API
Rimicaris susannae,1736286,Animalia,Arthropoda,Malacostraca,Decapoda,Alvinocarididae,Rimicaris,Species,WoRMS_API
Rimicaris vandoverae,932591,Animalia,Arthropoda,Malacostraca,Decapoda,Alvinocarididae,Rimicaris,Species,WoRMS_API
Rimicaris variabilis,932592,Animalia,Arthropoda,Malacostraca,Decapoda,Alvinocarididae,Rimicaris,Species,WoRMS_API
Bathymodiolus aduloides,505968,Animalia,Mollusca,Bivalvia,Mytilida,Modiolidae,Bathymodiolus,Species,WoRMS_API
Bathymodiolus antarcticus,737871,Animalia,Mollusca,Bivalvia,Mytilida,Modiolidae,Bathymodiolus,Species,WoRMS_API
Bathymodiolus anteumbonatus,457084,Animalia,Mollusca,Bivalvia,Mytilida,Modiolidae,Bathymodiolus,Species,WoRMS_API
Bathymodiolus azoricus,140436,Animalia,Mollusca,Bivalvia,Mytilida,Modiolidae,Bathymodiolus,Species,WoRMS_API
Bathymodiolus billschneideri,1458795,Animalia,Mollusca,Bivalvia,Mytilida,Modiolidae,Bathymodiolus,Species,WoRMS_API
Bathymodiolus boomerang,457086,Animalia,Mollusca,Bivalvia,Mytilida,Modiolidae,Bathymodiolus,Species,WoRMS_API
Bathymodiolus brevior,505965,Animalia,Mollusca,Bivalvia,Mytilida,Modiolidae,Bathymodiolus,Species,WoRMS_API
Bathymodiolus brooksi,457540,Animalia,Mollusca,Bivalvia,Mytilida,Modiolidae,Bathymodiolus,Species,WoRMS_API
Bathymodiolus childressi,420692,Animalia,Mollusca,Bivalvia,Mytilida,Modiolidae,Bathymodiolus,Species,WoRMS_API
Bathymodiolus earlougheri,1458797,Animalia,Mollusca,Bivalvia,Mytilida,Modiolidae,Bathymodiolus,Species,WoRMS_API
Bathymodiolus edisonensis,457085,Animalia,Mollusca,Bivalvia,Mytilida,Modiolidae,Bathymodiolus,Species,WoRMS_API
Bathymodiolus elongatus,505966,Animalia,Mollusca,Bivalvia,Mytilida,Modiolidae,Bathymodiolus,Species,WoRMS_API
Bathymodiolus heckerae,420693,Animalia,Mollusca,Bivalvia,Mytilida,Modiolidae,Bathymodiolus,Species,WoRMS_API
Bathymodiolus hirtus,505972,Animalia,Mollusca,Bivalvia,Mytilida,Modiolidae,Bathymodiolus,Species,WoRMS_API
Bathymodiolus japonicus,505969,Animalia,Mollusca,Bivalvia,Mytilida,Modiolidae,Bathymodiolus,Species,WoRMS_API
Bathymodiolus manusensis,457556,Animalia,Mollusca,Bivalvia,Mytilida,Modiolidae,Bathymodiolus,Species,WoRMS_API
Bathymodiolus marisindicus,457557,Animalia,Mollusca,Bivalvia,Mytilida,Modiolidae,Bathymodiolus,Species,WoRMS_API
Bathymodiolus mauritanicus,387650,Animalia,Mollusca,Bivalvia,Mytilida,Modiolidae,Bathymodiolus,Species,WoRMS_API
Bathymodiolus nancyschneiderae,1458798,Animalia,Mollusca,Bivalvia,Mytilida,Modiolidae,Bathymodiolus,Species,WoRMS_API
Bathymodiolus platifrons,505970,Animalia,Mollusca,Bivalvia,Mytilida,Modiolidae,Bathymodiolus,Species,WoRMS_API
Bathymodiolus puteoserpentis,505967,Animalia,Mollusca,Bivalvia,Mytilida,Modiolidae,Bathymodiolus,Species,WoRMS_API
Bathymodiolus securiformis,505973,Animalia,Mollusca,Bivalvia,Mytilida,Modiolidae,Bathymodiolus,Species,WoRMS_API
Bathymodiolus septemdierum,505971,Animalia,Mollusca,Bivalvia,Mytilida,Modiolidae,Bathymodiolus,Species,WoRMS_API
Bathymodiolus taiwanensis,457095,Animalia,Mollusca,Bivalvia,Mytilida,Modiolidae,Bathymodiolus,Species,WoRMS_API
Bathymodiolus tangaroa,388241,Animalia,Mollusca,Bivalvia,Mytilida,Modiolidae,Bathymodiolus,Species,WoRMS_API
Bathymodiolus thermophilus,183000,Animalia,Mollusca,Bivalvia,Mytilida,Modiolidae,Bathymodiolus,Species,WoRMS_API
Alvinella caudata,326268,Animalia,Annelida,Polychaeta,Terebellida,Alvinellidae,Alvinella,Species,WoRMS_API
Alvinella pompejana,336171,Animalia,Annelida,Polychaeta,Terebellida,Alvinellidae,Alvinella,Species,WoRMS_API
Kiwa araonae,872504,Animalia,Arthropoda,Malacostraca,Decapoda,Kiwaidae,Kiwa,Species,WoRMS_API
Kiwa gemma,1758628,Animalia,Arthropoda,Malacostraca,Decapoda,Kiwaidae,Kiwa,Species,WoRMS_API
Kiwa hirsuta,249751,Animalia,Arthropoda,Malacostraca,Decapoda,Kiwaidae,Kiwa,Species,WoRMS_API
Kiwa puravida,590007,Animalia,Arthropoda,Malacostraca,Decapoda,Kiwaidae,Kiwa,Species,WoRMS_API
Kiwa tyleri,850310,Animalia,Arthropoda,Malacostraca,Decapoda,Kiwaidae,Kiwa,Species,WoRMS_API
Chrysomallon squamiferum,736932,Animalia,Mollusca,Gastropoda,Neomphalida,Peltospiridae,Chrysomallon,Species,WoRMS_API
Vulcanolepas buckeridgei,1384189,Animalia,Arthropoda,Thecostraca,Scalpellomorpha,Neolepadidae,Vulcanolepas,Species,WoRMS_API
Vulcanolepas fijiensis,1384186,Animalia,Arthropoda,Thecostraca,Scalpellomorpha,Neolepadidae,Vulcanolepas,Species,WoRMS_API
Vulcanolepas osheai,733408,Animalia,Arthropoda,Thecostraca,Scalpellomorpha,Neolepadidae,Vulcanolepas,Species,WoRMS_API
Vulcanolepas parensis,888580,Animalia,Arthropoda,Thecostraca,Scalpellomorpha,Neolepadidae,Vulcanolepas,Species,WoRMS_API
Vulcanolepas scotiaensis,863378,Animalia,Arthropoda,Thecostraca,Scalpellomorpha,Neolepadidae,Vulcanolepas,Species,WoRMS_API
Vulcanolepas verenae,1635101,Animalia,Arthropoda,Thecostraca,Scalpellomorpha,Neolepadidae,Vulcanolepas,Species,WoRMS_API
Alviniconcha adamantis,827400,Animalia,Mollusca,Gastropoda,Caenogastropoda incertae sedis,Paskentanidae,Alviniconcha,Species,WoRMS_API
Alviniconcha boucheti,827397,Animalia,Mollusca,Gastropoda,Caenogastropoda incertae sedis,Paskentanidae,Alviniconcha,Species,WoRMS_API
Alviniconcha hessleri,449947,Animalia,Mollusca,Gastropoda,Caenogastropoda incertae sedis,Paskentanidae,Alviniconcha,Species,WoRMS_API
Alviniconcha kojimai,827396,Animalia,Mollusca,Gastropoda,Caenogastropoda incertae sedis,Paskentanidae,Alviniconcha,Species,WoRMS_API
Alviniconcha marisindica,827398,Animalia,Mollusca,Gastropoda,Caenogastropoda incertae sedis,Paskentanidae,Alviniconcha,Species,WoRMS_API
Alviniconcha strummeri,827399,Animalia,Mollusca,Gastropoda,Caenogastropoda incertae sedis,Paskentanidae,Alviniconcha,Species,WoRMS_API
Ifremeria nautilei,449966,Animalia,Mollusca,Gastropoda,Caenogastropoda incertae sedis,Paskentanidae,Ifremeria,Species,WoRMS_API
Lepetodrilus atlanticus,180908,Animalia,Mollusca,Gastropoda,Lepetellida,Lepetodrilidae,Lepetodrilus,Species,WoRMS_API
Lepetodrilus concentricus,1359280,Animalia,Mollusca,Gastropoda,Lepetellida,Lepetodrilidae,Lepetodrilus,Species,WoRMS_API
Lepetodrilus corrugatus,449969,Animalia,Mollusca,Gastropoda,Lepetellida,Lepetodrilidae,Lepetodrilus,Species,WoRMS_API
Lepetodrilus cristatus,449970,Animalia,Mollusca,Gastropoda,Lepetellida,Lepetodrilidae,Lepetodrilus,Species,WoRMS_API
Lepetodrilus elevatus,449971,Animalia,Mollusca,Gastropoda,Lepetellida,Lepetodrilidae,Lepetodrilus,Species,WoRMS_API
Lepetodrilus fijiensis,1656155,Animalia,Mollusca,Gastropoda,Lepetellida,Lepetodrilidae,Lepetodrilus,Species,WoRMS_API
Lepetodrilus fucensis,449972,Animalia,Mollusca,Gastropoda,Lepetellida,Lepetodrilidae,Lepetodrilus,Species,WoRMS_API
Lepetodrilus gordensis,390473,Animalia,Mollusca,Gastropoda,Lepetellida,Lepetodrilidae,Lepetodrilus,Species,WoRMS_API
Lepetodrilus guaymasensis,449974,Animalia,Mollusca,Gastropoda,Lepetellida,Lepetodrilidae,Lepetodrilus,Species,WoRMS_API
Lepetodrilus japonicus,449975,Animalia,Mollusca,Gastropoda,Lepetellida,Lepetodrilidae,Lepetodrilus,Species,WoRMS_API
Lepetodrilus marianae,1765227,Animalia,Mollusca,Gastropoda,Lepetellida,Lepetodrilidae,Lepetodrilus,Species,WoRMS_API
Lepetodrilus nux,449976,Animalia,Mollusca,Gastropoda,Lepetellida,Lepetodrilidae,Lepetodrilus,Species,WoRMS_API
Lepetodrilus ovalis,449977,Animalia,Mollusca,Gastropoda,Lepetellida,Lepetodrilidae,Lepetodrilus,Species,WoRMS_API
Lepetodrilus pustulosus,449978,Animalia,Mollusca,Gastropoda,Lepetellida,Lepetodrilidae,Lepetodrilus,Species,WoRMS_API
Lepetodrilus schrolli,449979,Animalia,Mollusca,Gastropoda,Lepetellida,Lepetodrilidae,Lepetodrilus,Species,WoRMS_API
Lepetodrilus shannonae,458594,Animalia,Mollusca,Gastropoda,Lepetellida,Lepetodrilidae,Lepetodrilus,Species,WoRMS_API
Lepetodrilus tevnianus,449980,Animalia,Mollusca,Gastropoda,Lepetellida,Lepetodrilidae,Lepetodrilus,Species,WoRMS_API
Ectenurus americanus,419077,Animalia,Platyhelminthes,Trematoda,Plagiorchiida,Hemiuridae,Ectenurus,Species,WoRMS_API
Ectenurus angusticauda,729035,Animalia,Platyhelminthes,Trematoda,Plagiorchiida,Hemiuridae,Ectenurus,Species,WoRMS_API
Ectenurus antipodus,726610,Animalia,Platyhelminthes,Trematoda,Plagiorchiida,Hemiuridae,Ectenurus,Species,WoRMS_API
Ectenurus atropi,726611,Animalia,Platyhelminthes,Trematoda,Plagiorchiida,Hemiuridae,Ectenurus,Species,WoRMS_API
Ectenurus carangis,726612,Animalia,Platyhelminthes,Trematoda,Plagiorchiida,Hemiuridae,Ectenurus,Species,WoRMS_API
Ectenurus chauhani,726613,Animalia,Platyhelminthes,Trematoda,Plagiorchiida,Hemiuridae,Ectenurus,Species,WoRMS_API
Ectenurus chloroscombri,726614,Animalia,Platyhelminthes,Trematoda,Plagiorchiida,Hemiuridae,Ectenurus,Species,WoRMS_API
Ectenurus crenidensis,726615,Animalia,Platyhelminthes,Trematoda,Plagiorchiida,Hemiuridae,Ectenurus,Species,WoRMS_API
Ectenurus glandocaudum,741823,Animalia,Platyhelminthes,Trematoda,Plagiorchiida,Hemiuridae,Ectenurus,Species,WoRMS_API
Ectenurus hamati,729036,Animalia,Platyhelminthes,Trematoda,Plagiorchiida,Hemiuridae,Ectenurus,Species,WoRMS_API
Ectenurus helicoleni,726616,Animalia,Platyhelminthes,Trematoda,Plagiorchiida,Hemiuridae,Ectenurus,Species,WoRMS_API
Ectenurus indicus,1521966,Animalia,Platyhelminthes,Trematoda,Plagiorchiida,Hemiuridae,Ectenurus,Species,WoRMS_API
Ectenurus labeonis,726617,Animalia,Platyhelminthes,Trematoda,Plagiorchiida,Hemiuridae,Ectenurus,Species,WoRMS_API
Ectenurus leiognathi,726618,Animalia,Platyhelminthes,Trematoda,Plagiorchiida,Hemiuridae,Ectenurus,Species,WoRMS_API
Ectenurus lemeriensis,729037,Animalia,Platyhelminthes,Trematoda,Plagiorchiida,Hemiuridae,Ectenurus,Species,WoRMS_API
Ectenurus lepidocybii,109327,Animalia,Platyhelminthes,Trematoda,Plagiorchiida,Hemiuridae,Ectenurus,Species,WoRMS_API
Ectenurus lepidus,109328,Animalia,Platyhelminthes,Trematoda,Plagiorchiida,Hemiuridae,Ectenurus,Species,WoRMS_API
Ectenurus megalaspis,726619,Animalia,Platyhelminthes,Trematoda,Plagiorchiida,Hemiuridae,Ectenurus,Species,WoRMS_API
Ectenurus minutus,726620,Animalia,Platyhelminthes,Trematoda,Plagiorchiida,Hemiuridae,Ectenurus,Species,WoRMS_API
Ectenurus nibeae,726621,Animalia,Platyhelminthes,Trematoda,Plagiorchiida,Hemiuridae,Ectenurus,Species,WoRMS_API
Ectenurus papillatus,726622,Animalia,Platyhelminthes,Trematoda,Plagiorchiida,Hemiuridae,Ectenurus,Species,WoRMS_API
Ectenurus paralichthydis,729038,Animalia,Platyhelminthes,Trematoda,Plagiorchiida,Hemiuridae,Ectenurus,Species,WoRMS_API
Ectenurus piscicola,726623,Animalia,Platyhelminthes,Trematoda,Plagiorchiida,Hemiuridae,Ectenurus,Species,WoRMS_API
Ectenurus platycephali,729039,Animalia,Platyhelminthes,Trematoda,Plagiorchiida,Hemiuridae,Ectenurus,Species,WoRMS_API
Ectenurus pseudosciaenae,726624,Animalia,Platyhelminthes,Trematoda,Plagiorchiida,Hemiuridae,Ectenurus,Species,WoRMS_API
Ectenurus rodriguesi,721203,Animalia,Platyhelminthes,Trematoda,Plagiorchiida,Hemiuridae,Ectenurus,Species,WoRMS_API
Ectenurus scomberomori,726625,Animalia,Platyhelminthes,Trematoda,Plagiorchiida,Hemiuridae,Ectenurus,Species,WoRMS_API
Ectenurus selari,726626,Animalia,Platyhelminthes,Trematoda,Plagiorchiida,Hemiuridae,Ectenurus,Species,WoRMS_API
Ectenurus srivastavai,726627,Animalia,Platyhelminthes,Trematoda,Plagiorchiida,Hemiuridae,Ectenurus,Species,WoRMS_API
Ectenurus theraponae,726628,Animalia,Platyhelminthes,Trematoda,Plagiorchiida,Hemiuridae,Ectenurus,Species,WoRMS_API
Ectenurus tianjinensis,726629,Animalia,Platyhelminthes,Trematoda,Plagiorchiida,Hemiuridae,Ectenurus,Species,WoRMS_API
Ectenurus trachuri,741824,Animalia,Platyhelminthes,Trematoda,Plagiorchiida,Hemiuridae,Ectenurus,Species,WoRMS_API
Ectenurus trachuri,109329,Animalia,Platyhelminthes,Trematoda,Plagiorchiida,Hemiuridae,Ectenurus,Species,WoRMS_API
Ectenurus trichiuri,726630,Animalia,Platyhelminthes,Trematoda,Plagiorchiida,Hemiuridae,Ectenurus,Species,WoRMS_API
Ectenurus virgula,109330,Animalia,Platyhelminthes,Trematoda,Plagiorchiida,Hemiuridae,Ectenurus,Species,WoRMS_API
Ectenurus virgulus,1454133,Animalia,Platyhelminthes,Trematoda,Plagiorchiida,Hemiuridae,Ectenurus,Species,WoRMS_API
Ectenurus yamagutii,419078,Animalia,Platyhelminthes,Trematoda,Plagiorchiida,Hemiuridae,Ectenurus,Species,WoRMS_API
Ectenurus zonichthyi,726631,Animalia,Platyhelminthes,Trematoda,Plagiorchiida,Hemiuridae,Ectenurus,Species,WoRMS_API
Gigantopelta aegis,853164,Animalia,Mollusca,Gastropoda,Neomphalida,Peltospiridae,Gigantopelta,Species,WoRMS_API
Gigantopelta chessoia,853163,Animalia,Mollusca,Gastropoda,Neomphalida,Peltospiridae,Gigantopelta,Species,WoRMS_API
Chalinura brevibarbis,183049,Animalia,Chordata,Teleostei,Gadiformes,Macrouridae,Chalinura,Species,WoRMS_API
Chalinura carapina,309729,Animalia,Chordata,Teleostei,Gadiformes,Macrouridae,Chalinura,Species,WoRMS_API
Chalinura ctenomelas,309730,Animalia,Chordata,Teleostei,Gadiformes,Macrouridae,Chalinura,Species,WoRMS_API
Chalinura fernandezianus,309731,Animalia,Chordata,Teleostei,Gadiformes,Macrouridae,Chalinura,Species,WoRMS_API
Chalinura ferrieri,309732,Animalia,Chordata,Teleostei,Gadiformes,Macrouridae,Chalinura,Species,WoRMS_API
Chalinura filifera,309733,Animalia,Chordata,Teleostei,Gadiformes,Macrouridae,Chalinura,Species,WoRMS_API
Chalinura guentheri,309734,Animalia,Chordata,Teleostei,Gadiformes,Macrouridae,Chalinura,Species,WoRMS_API
Chalinura leptolepis,183051,Animalia,Chordata,Teleostei,Gadiformes,Macrouridae,Chalinura,Species,WoRMS_API
Chalinura mediterranea,183052,Animalia,Chordata,Teleostei,Gadiformes,Macrouridae,Chalinura,Species,WoRMS_API
Chalinura occidentalis,309735,Animalia,Chordata,Teleostei,Gadiformes,Macrouridae,Chalinura,Species,WoRMS_API
Chalinura pectoralis,309736,Animalia,Chordata,Teleostei,Gadiformes,Macrouridae,Chalinura,Species,WoRMS_API
Chalinura profundicola,183053,Animalia,Chordata,Teleostei,Gadiformes,Macrouridae,Chalinura,Species,WoRMS_API
Chalinura serrula,309737,Animalia,Chordata,Teleostei,Gadiformes,Macrouridae,Chalinura,Species,WoRMS_API
Chalinura simula,183054,Animalia,Chordata,Teleostei,Gadiformes,Macrouridae,Chalinura,Species,WoRMS_API
Chalinura spinulosa,309738,Animalia,Chordata,Teleostei,Gadiformes,Macrouridae,Chalinura,Species,WoRMS_API
Chalinura whitsoni,309739,Animalia,Chordata,Teleostei,Gadiformes,Macrouridae,Chalinura,Species,WoRMS_API
Chaulinura carapina,400530,Animalia,Chordata,Teleostei,Gadiformes,Macrouridae,Chaulinura,Species,WoRMS_API
Acantholiparis caecus,279479,Animalia,Chordata,Teleostei,Perciformes,Liparidae,Acantholiparis,Species,WoRMS_API
Acantholiparis opercularis,279480,Animalia,Chordata,Teleostei,Perciformes,Liparidae,Acantholiparis,Species,WoRMS_API
Aetheliparis rossi,1577686,Animalia,Chordata,Teleostei,Perciformes,Liparidae,Aetheliparis,Species,WoRMS_API
Aetheliparis taurocanis,834997,Animalia,Chordata,Teleostei,Perciformes,Liparidae,Aetheliparis,Species,WoRMS_API
Allinectes attenuatus,1832277,Animalia,Chordata,Teleostei,Perciformes,Liparidae,Allinectes,Species,WoRMS_API
Allinectes busbyi,1832278,Animalia,Chordata,Teleostei,Perciformes,Liparidae,Allinectes,Species,WoRMS_API
Allinectes curilanus,1832279,Animalia,Chordata,Teleostei,Perciformes,Liparidae,Allinectes,Species,WoRMS_API
Allinectes ectenes,1832280,Animalia,Chordata,Teleostei,Perciformes,Liparidae,Allinectes,Species,WoRMS_API
Allinectes istiophorus,1832281,Animalia,Chordata,Teleostei,Perciformes,Liparidae,Allinectes,Species,WoRMS_API
Allinectes nanstanorum,1832282,Animalia,Chordata,Teleostei,Perciformes,Liparidae,Allinectes,Species,WoRMS_API
Allinectes pycnosoma,1832283,Animalia,Chordata,Teleostei,Perciformes,Liparidae,Allinectes,Species,WoRMS_API
Allocareproctus jordani,279555,Animalia,Chordata,Teleostei,Perciformes,Liparidae,Allocareproctus,Species,WoRMS_API
Allocareproctus kallaion,279556,Animalia,Chordata,Teleostei,Perciformes,Liparidae,Allocareproctus,Species,WoRMS_API
Allocareproctus pycnosoma,313617,Animalia,Chordata,Teleostei,Perciformes,Liparidae,Allocareproctus,Species,WoRMS_API
Allocareproctus tanix,279557,Animalia,Chordata,Teleostei,Perciformes,Liparidae,Allocareproctus,Species,WoRMS_API
Allocareproctus unangas,279558,Animalia,Chordata,Teleostei,Perciformes,Liparidae,Allocareproctus,Species,WoRMS_API
Allocareproctus ungak,279559,Animalia,Chordata,Teleostei,Perciformes,Liparidae,Allocareproctus,Species,WoRMS_API
Amitra liparina,316206,Animalia,Chordata,Teleostei,Perciformes,Liparidae,Amitra,Species,WoRMS_API
Bathyphasma ovigerum,316565,Animalia,Chordata,Teleostei,Perciformes,Liparidae,Bathyphasma,Species,WoRMS_API
Careproctus abbreviatus,274402,Animalia,Chordata,Teleostei,Perciformes,Liparidae,Careproctus,Species,WoRMS_API
Careproctus acaecus,274403,Animalia,Chordata,Teleostei,Perciformes,Liparidae,Careproctus,Species,WoRMS_API
Careproctus acanthodes,274404,Animalia,Chordata,Teleostei,Perciformes,Liparidae,Careproctus,Species,WoRMS_API
Careproctus aciculipunctatus,127209,Animalia,Chordata,Teleostei,Perciformes,Liparidae,Careproctus,Species,WoRMS_API
Careproctus acifer,274405,Animalia,Chordata,Teleostei,Perciformes,Liparidae,Careproctus,Species,WoRMS_API
Careproctus aculeolatus,274406,Animalia,Chordata,Teleostei,Perciformes,Liparidae,Careproctus,Species,WoRMS_API
Careproctus albescens,220972,Animalia,Chordata,Teleostei,Perciformes,Liparidae,Careproctus,Species,WoRMS_API
Careproctus alboventer,306203,Animalia,Chordata,Teleostei,Perciformes,Liparidae,Careproctus,Species,WoRMS_API
Careproctus amblystomopsis,306204,Animalia,Chordata,Teleostei,Perciformes,Liparidae,Careproctus,Species,WoRMS_API
Careproctus ambustus,1506099,Animalia,Chordata,Teleostei,Perciformes,Liparidae,Careproctus,Species,WoRMS_API
Careproctus ampliceps,234764,Animalia,Chordata,Teleostei,Perciformes,Liparidae,Careproctus,Species,WoRMS_API
Careproctus armatus,274407,Animalia,Chordata,Teleostei,Perciformes,Liparidae,Careproctus,Species,WoRMS_API
Careproctus atacamensis,274408,Animalia,Chordata,Teleostei,Perciformes,Liparidae,Careproctus,Species,WoRMS_API
Careproctus atakamensis,306205,Animalia,Chordata,Teleostei,Perciformes,Liparidae,Careproctus,Species,WoRMS_API
Careproctus atrans,274409,Animalia,Chordata,Teleostei,Perciformes,Liparidae,Careproctus,Species,WoRMS_API
Careproctus attenuatus,274410,Animalia,Chordata,Teleostei,Perciformes,Liparidae,Careproctus,Species,WoRMS_API
Careproctus aureomarginatus,274411,Animalia,Chordata,Teleostei,Perciformes,Liparidae,Careproctus,Species,WoRMS_API
Careproctus bathycoetus,274412,Animalia,Chordata,Teleostei,Perciformes,Liparidae,Careproctus,Species,WoRMS_API
Careproctus batialis,274413,Animalia,Chordata,Teleostei,Perciformes,Liparidae,Careproctus,Species,WoRMS_API
Careproctus bowersianus,274414,Animalia,Chordata,Teleostei,Perciformes,Liparidae,Careproctus,Species,WoRMS_API
Careproctus brevipectoralis,1523833,Animalia,Chordata,Teleostei,Perciformes,Liparidae,Careproctus,Species,WoRMS_API
Careproctus burkei,306206,Animalia,Chordata,Teleostei,Perciformes,Liparidae,Careproctus,Species,WoRMS_API
Careproctus cactiformis,274415,Animalia,Chordata,Teleostei,Perciformes,Liparidae,Careproctus,Species,WoRMS_API
Careproctus cameliae,306207,Animalia,Chordata,Teleostei,Perciformes,Liparidae,Careproctus,Species,WoRMS_API
Careproctus candida,306208,Animalia,Chordata,Teleostei,Perciformes,Liparidae,Careproctus,Species,WoRMS_API
Careproctus candidus,306209,Animalia,Chordata,Teleostei,Perciformes,Liparidae,Careproctus,Species,WoRMS_API
Careproctus canus,274416,Animalia,Chordata,Teleostei,Perciformes,Liparidae,Careproctus,Species,WoRMS_API
Careproctus canusocius,1536361,Animalia,Chordata,Teleostei,Perciformes,Liparidae,Careproctus,Species,WoRMS_API
Careproctus carinatus,1384986,Animalia,Chordata,Teleostei,Perciformes,Liparidae,Careproctus,Species,WoRMS_API
Careproctus catherinae,234620,Animalia,Chordata,Teleostei,Perciformes,Liparidae,Careproctus,Species,WoRMS_API
Careproctus colletti,254547,Animalia,Chordata,Teleostei,Perciformes,Liparidae,Careproctus,Species,WoRMS_API
Careproctus colliculi,1831290,Animalia,Chordata,Teleostei,Perciformes,Liparidae,Careproctus,Species,WoRMS_API
Careproctus comus,398460,Animalia,Chordata,Teleostei,Perciformes,Liparidae,Careproctus,Species,WoRMS_API
Careproctus continentalis,274417,Animalia,Chordata,Teleostei,Perciformes,Liparidae,Careproctus,Species,WoRMS_API
Careproctus crassus,306210,Animalia,Chordata,Teleostei,Perciformes,Liparidae,Careproctus,Species,WoRMS_API
Careproctus credispinulosus,234671,Animalia,Chordata,Teleostei,Perciformes,Liparidae,Careproctus,Species,WoRMS_API
Careproctus crozetensis,398461,Animalia,Chordata,Teleostei,Perciformes,Liparidae,Careproctus,Species,WoRMS_API
Careproctus cryptacanthoides,306211,Animalia,Chordata,Teleostei,Perciformes,Liparidae,Careproctus,Species,WoRMS_API
Careproctus curilanus,274418,Animalia,Chordata,Teleostei,Perciformes,Liparidae,Careproctus,Species,WoRMS_API
Careproctus cyanogladius,1536457,Animalia,Chordata,Teleostei,Perciformes,Liparidae,Careproctus,Species,WoRMS_API
Careproctus cyclocephalus,274419,Animalia,Chordata,Teleostei,Perciformes,Liparidae,Careproctus,Species,WoRMS_API
Careproctus cypseluroides,274420,Animalia,Chordata,Teleostei,Perciformes,Liparidae,Careproctus,Species,WoRMS_API
Careproctus cypselurus,274421,Animalia,Chordata,Teleostei,Perciformes,Liparidae,Careproctus,Species,WoRMS_API
Careproctus dentatus,306212,Animalia,Chordata,Teleostei,Perciformes,Liparidae,Careproctus,Species,WoRMS_API
Careproctus derjugini,274422,Animalia,Chordata,Teleostei,Perciformes,Liparidae,Careproctus,Species,WoRMS_API
Careproctus discoveryae,398462,Animalia,Chordata,Teleostei,Perciformes,Liparidae,Careproctus,Species,WoRMS_API
Careproctus dubius,274423,Animalia,Chordata,Teleostei,Perciformes,Liparidae,Careproctus,Species,WoRMS_API
Careproctus ectenes,274424,Animalia,Chordata,Teleostei,Perciformes,Liparidae,Careproctus,Species,WoRMS_API
Careproctus eltaninae,274425,Animalia,Chordata,Teleostei,Perciformes,Liparidae,Careproctus,Species,WoRMS_API
Careproctus eltanini,401203,Animalia,Chordata,Teleostei,Perciformes,Liparidae,Careproctus,Species,WoRMS_API
Crystallias kamoae,314227,Animalia,Chordata,Teleostei,Perciformes,Liparidae,Crystallias,Species,WoRMS_API
Crystallias matsushimae,280449,Animalia,Chordata,Teleostei,Perciformes,Liparidae,Crystallias,Species,WoRMS_API
Crystallichthys cameliae,280450,Animalia,Chordata,Teleostei,Perciformes,Liparidae,Crystallichthys,Species,WoRMS_API
Crystallichthys cyclospilus,280451,Animalia,Chordata,Teleostei,Perciformes,Liparidae,Crystallichthys,Species,WoRMS_API
Crystallichthys matsushimae,314228,Animalia,Chordata,Teleostei,Perciformes,Liparidae,Crystallichthys,Species,WoRMS_API
Crystallichthys mirabilis,280452,Animalia,Chordata,Teleostei,Perciformes,Liparidae,Crystallichthys,Species,WoRMS_API
Cyclogaster beringianus,317580,Animalia,Chordata,Teleostei,Perciformes,Liparidae,Cyclogaster,Species,WoRMS_API
Cyclogaster bristolense,317581,Animalia,Chordata,Teleostei,Perciformes,Liparidae,Cyclogaster,Species,WoRMS_API
Cyclogaster curilensis,317582,Animalia,Chordata,Teleostei,Perciformes,Liparidae,Cyclogaster,Species,WoRMS_API
Cyclogaster frenatus,317583,Animalia,Chordata,Teleostei,Perciformes,Liparidae,Cyclogaster,Species,WoRMS_API
Cyclogaster ingens,317584,Animalia,Chordata,Teleostei,Perciformes,Liparidae,Cyclogaster,Species,WoRMS_API
Cyclogaster megacephalus,317585,Animalia,Chordata,Teleostei,Perciformes,Liparidae,Cyclogaster,Species,WoRMS_API
Cyclogaster micraspidophorus,317586,Animalia,Chordata,Teleostei,Perciformes,Liparidae,Cyclogaster,Species,WoRMS_API
Cyclogaster montagui,1611507,Animalia,Chordata,Teleostei,Perciformes,Liparidae,Cyclogaster,Species,WoRMS_API
Cyclogaster ochotensis,317587,Animalia,Chordata,Teleostei,Perciformes,Liparidae,Cyclogaster,Species,WoRMS_API
Cyclogaster petschiliensis,317588,Animalia,Chordata,Teleostei,Perciformes,Liparidae,Cyclogaster,Species,WoRMS_API
Cyclogaster simushirae,317589,Animalia,Chordata,Teleostei,Perciformes,Liparidae,Cyclogaster,Species,WoRMS_API
Cyclogaster tanakae,317590,Animalia,Chordata,Teleostei,Perciformes,Liparidae,Cyclogaster,Species,WoRMS_API
Cyclogaster tessellatus,317591,Animalia,Chordata,Teleostei,Perciformes,Liparidae,Cyclogaster,Species,WoRMS_API
Edentoliparis terraenovae,234699,Animalia,Chordata,Teleostei,Perciformes,Liparidae,Edentoliparis,Species,WoRMS_API
Eknomoliparis chirichignoae,280596,Animalia,Chordata,Teleostei,Perciformes,Liparidae,Eknomoliparis,Species,WoRMS_API
Elassodiscus caudatus,280629,Animalia,Chordata,Teleostei,Perciformes,Liparidae,Elassodiscus,Species,WoRMS_API
Elassodiscus nyctereutes,1493464,Animalia,Chordata,Teleostei,Perciformes,Liparidae,Elassodiscus,Species,WoRMS_API
Elassodiscus obscurus,280630,Animalia,Chordata,Teleostei,Perciformes,Liparidae,Elassodiscus,Species,WoRMS_API
Elassodiscus tremebundus,280631,Animalia,Chordata,Teleostei,Perciformes,Liparidae,Elassodiscus,Species,WoRMS_API
Enantioliparis pallidus,317850,Animalia,Chordata,Teleostei,Perciformes,Liparidae,Enantioliparis,Species,WoRMS_API
Eutelichthys leptochirus,236466,Animalia,Chordata,Teleostei,Perciformes,Liparidae,Eutelichthys,Species,WoRMS_API
Genioliparis ferox,398466,Animalia,Chordata,Teleostei,Perciformes,Liparidae,Genioliparis,Species,WoRMS_API
Genioliparis kafanovi,398467,Animalia,Chordata,Teleostei,Perciformes,Liparidae,Genioliparis,Species,WoRMS_API
Genioliparis lindbergi,234605,Animalia,Chordata,Teleostei,Perciformes,Liparidae,Genioliparis,Species,WoRMS_API
Gymnolycodes edwardsi,318292,Animalia,Chordata,Teleostei,Perciformes,Liparidae,Gymnolycodes,Species,WoRMS_API
Gyrinichthys minytremus,280969,Animalia,Chordata,Teleostei,Perciformes,Liparidae,Gyrinichthys,Species,WoRMS_API
Liparis adiastolus,274498,Animalia,Chordata,Teleostei,Perciformes,Liparidae,Liparis,Species,WoRMS_API
Liparis agassizi,401209,Animalia,Chordata,Teleostei,Perciformes,Liparidae,Liparis,Species,WoRMS_API
Liparis agassizii,274499,Animalia,Chordata,Teleostei,Perciformes,Liparidae,Liparis,Species,WoRMS_API
Liparis alboventer,274500,Animalia,Chordata,Teleostei,Perciformes,Liparidae,Liparis,Species,WoRMS_API
Liparis antarctica,306249,Animalia,Chordata,Teleostei,Perciformes,Liparidae,Liparis,Species,WoRMS_API
Liparis antarcticus,274501,Animalia,Chordata,Teleostei,Perciformes,Liparidae,Liparis,Species,WoRMS_API
Liparis arctica,154826,Animalia,Chordata,Teleostei,Perciformes,Liparidae,Liparis,Species,WoRMS_API
Liparis atlanticus,159524,Animalia,Chordata,Teleostei,Perciformes,Liparidae,Liparis,Species,WoRMS_API
Liparis barbatus,306250,Animalia,Chordata,Teleostei,Perciformes,Liparidae,Liparis,Species,WoRMS_API
Liparis bathyarcticus,867958,Animalia,Chordata,Teleostei,Perciformes,Liparidae,Liparis,Species,WoRMS_API
Liparis bathybii,306251,Animalia,Chordata,Teleostei,Perciformes,Liparidae,Liparis,Species,WoRMS_API
Liparis beringianus,306252,Animalia,Chordata,Teleostei,Perciformes,Liparidae,Liparis,Species,WoRMS_API
Liparis bikunin,274502,Animalia,Chordata,Teleostei,Perciformes,Liparidae,Liparis,Species,WoRMS_API
Liparis brashnikovi,274503,Animalia,Chordata,Teleostei,Perciformes,Liparidae,Liparis,Species,WoRMS_API
Liparis brevicaudus,306253,Animalia,Chordata,Teleostei,Perciformes,Liparidae,Liparis,Species,WoRMS_API
Liparis bristolense,401210,Animalia,Chordata,Teleostei,Perciformes,Liparidae,Liparis,Species,WoRMS_API
Liparis bristolensis,254546,Animalia,Chordata,Teleostei,Perciformes,Liparidae,Liparis,Species,WoRMS_API
Liparis burkei,274504,Animalia,Chordata,Teleostei,Perciformes,Liparidae,Liparis,Species,WoRMS_API
Liparis callyodon,274505,Animalia,Chordata,Teleostei,Perciformes,Liparidae,Liparis,Species,WoRMS_API
Liparis catharus,274506,Animalia,Chordata,Teleostei,Perciformes,Liparidae,Liparis,Species,WoRMS_API
Liparis chefuensis,274507,Animalia,Chordata,Teleostei,Perciformes,Liparidae,Liparis,Species,WoRMS_API
Liparis choanus,306254,Animalia,Chordata,Teleostei,Perciformes,Liparidae,Liparis,Species,WoRMS_API
Liparis coheni,159525,Animalia,Chordata,Teleostei,Perciformes,Liparidae,Liparis,Species,WoRMS_API
Liparis curilensis,274508,Animalia,Chordata,Teleostei,Perciformes,Liparidae,Liparis,Species,WoRMS_API
Liparis cyclopus,274509,Animalia,Chordata,Teleostei,Perciformes,Liparidae,Liparis,Species,WoRMS_API
Liparis cyclostigma,306255,Animalia,Chordata,Teleostei,Perciformes,Liparidae,Liparis,Species,WoRMS_API
Liparis dennyi,254550,Animalia,Chordata,Teleostei,Perciformes,Liparidae,Liparis,Species,WoRMS_API
Liparis dubius,274510,Animalia,Chordata,Teleostei,Perciformes,Liparidae,Liparis,Species,WoRMS_API
Liparis dulkeiti,274511,Animalia,Chordata,Teleostei,Perciformes,Liparidae,Liparis,Species,WoRMS_API
Liparis ekstromii,306256,Animalia,Chordata,Teleostei,Perciformes,Liparidae,Liparis,Species,WoRMS_API
Liparis eos,274512,Animalia,Chordata,Teleostei,Perciformes,Liparidae,Liparis,Species,WoRMS_API
Liparis fabricii,127218,Animalia,Chordata,Teleostei,Perciformes,Liparidae,Liparis,Species,WoRMS_API
Liparis fishelsoni,212251,Animalia,Chordata,Teleostei,Perciformes,Liparidae,Liparis,Species,WoRMS_API
Liparis florae,274513,Animalia,Chordata,Teleostei,Perciformes,Liparidae,Liparis,Species,WoRMS_API
Liparis franzi,306257,Animalia,Chordata,Teleostei,Perciformes,Liparidae,Liparis,Species,WoRMS_API
Liparis frenatus,274514,Animalia,Chordata,Teleostei,Perciformes,Liparidae,Liparis,Species,WoRMS_API
Liparis fucensis,274515,Animalia,Chordata,Teleostei,Perciformes,Liparidae,Liparis,Species,WoRMS_API
Liparis gibbus,159526,Animalia,Chordata,Teleostei,Perciformes,Liparidae,Liparis,Species,WoRMS_API
Liparis grebnitzkii,274516,Animalia,Chordata,Teleostei,Perciformes,Liparidae,Liparis,Species,WoRMS_API
Liparis greeni,274517,Animalia,Chordata,Teleostei,Perciformes,Liparidae,Liparis,Species,WoRMS_API
Liparis herschelinus,306258,Animalia,Chordata,Teleostei,Perciformes,Liparidae,Liparis,Species,WoRMS_API
Liparis ingens,306259,Animalia,Chordata,Teleostei,Perciformes,Liparidae,Liparis,Species,WoRMS_API
Liparis inquilinus,159528,Animalia,Chordata,Teleostei,Perciformes,Liparidae,Liparis,Species,WoRMS_API
Liparis keofoedi,713261,Animalia,Chordata,Teleostei,Perciformes,Liparidae,Liparis,Species,WoRMS_API
Liparis koefodi,254706,Animalia,Chordata,Teleostei,Perciformes,Liparidae,Liparis,Species,WoRMS_API
Liparis koefoedi,306260,Animalia,Chordata,Teleostei,Perciformes,Liparidae,Liparis,Species,WoRMS_API
Liparis kusnetzovi,274518,Animalia,Chordata,Teleostei,Perciformes,Liparidae,Liparis,Species,WoRMS_API
Liparis kussakini,274519,Animalia,Chordata,Teleostei,Perciformes,Liparidae,Liparis,Species,WoRMS_API
Liparis laptevi,1619778,Animalia,Chordata,Teleostei,Perciformes,Liparidae,Liparis,Species,WoRMS_API
Liparis latifrons,274520,Animalia,Chordata,Teleostei,Perciformes,Liparidae,Liparis,Species,WoRMS_API
Lipariscus nanus,281365,Animalia,Chordata,Teleostei,Perciformes,Liparidae,Lipariscus,Species,WoRMS_API
Loparis tanakae,401213,Animalia,Chordata,Teleostei,Perciformes,Liparidae,Loparis,Species,WoRMS_API
Lopholiparis flerxi,281397,Animalia,Chordata,Teleostei,Perciformes,Liparidae,Lopholiparis,Species,WoRMS_API
Menziesichthys alaid,1493810,Animalia,Chordata,Teleostei,Perciformes,Liparidae,Menziesichthys,Species,WoRMS_API
Menziesichthys bacescui,281550,Animalia,Chordata,Teleostei,Perciformes,Liparidae,Menziesichthys,Species,WoRMS_API
Merophorus angustifrons,1495613,Animalia,Chordata,Teleostei,Perciformes,Liparidae,Merophorus,Species,WoRMS_API
Nectoliparis pelagicus,281641,Animalia,Chordata,Teleostei,Perciformes,Liparidae,Nectoliparis,Species,WoRMS_API
Neoliparis atlanticus,319574,Animalia,Chordata,Teleostei,Perciformes,Liparidae,Neoliparis,Species,WoRMS_API
Neoliparis callyodon,319575,Animalia,Chordata,Teleostei,Perciformes,Liparidae,Neoliparis,Species,WoRMS_API
Neoliparis fissuratus,319576,Animalia,Chordata,Teleostei,Perciformes,Liparidae,Neoliparis,Species,WoRMS_API
Neoliparis florae,319577,Animalia,Chordata,Teleostei,Perciformes,Liparidae,Neoliparis,Species,WoRMS_API
Neoliparis grebnitzkii,319578,Animalia,Chordata,Teleostei,Perciformes,Liparidae,Neoliparis,Species,WoRMS_API
Neoliparis greeni,319579,Animalia,Chordata,Teleostei,Perciformes,Liparidae,Neoliparis,Species,WoRMS_API
Neoliparis mednius,319580,Animalia,Chordata,Teleostei,Perciformes,Liparidae,Neoliparis,Species,WoRMS_API
Neoliparis rutteri,319581,Animalia,Chordata,Teleostei,Perciformes,Liparidae,Neoliparis,Species,WoRMS_API
Neoliparis schantarensis,319582,Animalia,Chordata,Teleostei,Perciformes,Liparidae,Neoliparis,Species,WoRMS_API
Notoliparis antonbruuni,279359,Animalia,Chordata,Teleostei,Perciformes,Liparidae,Notoliparis,Species,WoRMS_API
Notoliparis kermadecensis,279360,Animalia,Chordata,Teleostei,Perciformes,Liparidae,Notoliparis,Species,WoRMS_API
Notoliparis kurchatovi,234632,Animalia,Chordata,Teleostei,Perciformes,Liparidae,Notoliparis,Species,WoRMS_API
Notoliparis macquariensis,279361,Animalia,Chordata,Teleostei,Perciformes,Liparidae,Notoliparis,Species,WoRMS_API
Notoliparis stewarti,1493882,Animalia,Chordata,Teleostei,Perciformes,Liparidae,Notoliparis,Species,WoRMS_API
Odontoliparis ferox,281835,Animalia,Chordata,Teleostei,Perciformes,Liparidae,Odontoliparis,Species,WoRMS_API
Osteodiscus andriashevi,281945,Animalia,Chordata,Teleostei,Perciformes,Liparidae,Osteodiscus,Species,WoRMS_API
Osteodiscus cascadiae,281946,Animalia,Chordata,Teleostei,Perciformes,Liparidae,Osteodiscus,Species,WoRMS_API
Osteodiscus lindbergi,1832258,Animalia,Chordata,Teleostei,Perciformes,Liparidae,Osteodiscus,Species,WoRMS_API
Osteodiscus rhepostomias,835003,Animalia,Chordata,Teleostei,Perciformes,Liparidae,Osteodiscus,Species,WoRMS_API
Palmoliparis beckeri,281971,Animalia,Chordata,Teleostei,Perciformes,Liparidae,Palmoliparis,Species,WoRMS_API
Paraliparis abyssorum,127221,Animalia,Chordata,Teleostei,Perciformes,Liparidae,Paraliparis,Species,WoRMS_API
Paraliparis acutidens,398469,Animalia,Chordata,Teleostei,Perciformes,Liparidae,Paraliparis,Species,WoRMS_API
Paraliparis adustus,474964,Animalia,Chordata,Teleostei,Perciformes,Liparidae,Paraliparis,Species,WoRMS_API
Paraliparis albeolus,274546,Animalia,Chordata,Teleostei,Perciformes,Liparidae,Paraliparis,Species,WoRMS_API
Paraliparis albescens,274547,Animalia,Chordata,Teleostei,Perciformes,Liparidae,Paraliparis,Species,WoRMS_API
Paraliparis alius,712561,Animalia,Chordata,Teleostei,Perciformes,Liparidae,Paraliparis,Species,WoRMS_API
Paraliparis amerismos,712562,Animalia,Chordata,Teleostei,Perciformes,Liparidae,Paraliparis,Species,WoRMS_API
Paraliparis anarthractae,306277,Animalia,Chordata,Teleostei,Perciformes,Liparidae,Paraliparis,Species,WoRMS_API
Paraliparis andriashevi,234755,Animalia,Chordata,Teleostei,Perciformes,Liparidae,Paraliparis,Species,WoRMS_API
Paraliparis angustifrons,1495465,Animalia,Chordata,Teleostei,Perciformes,Liparidae,Paraliparis,Species,WoRMS_API
Paraliparis anomalus,1835436,Animalia,Chordata,Teleostei,Perciformes,Liparidae,Paraliparis,Species,WoRMS_API
Paraliparis antarcticus,274548,Animalia,Chordata,Teleostei,Perciformes,Liparidae,Paraliparis,Species,WoRMS_API
Paraliparis anthracinus,274549,Animalia,Chordata,Teleostei,Perciformes,Liparidae,Paraliparis,Species,WoRMS_API
Paraliparis aspersus,274550,Animalia,Chordata,Teleostei,Perciformes,Liparidae,Paraliparis,Species,WoRMS_API
Paraliparis ater,274551,Animalia,Chordata,Teleostei,Perciformes,Liparidae,Paraliparis,Species,WoRMS_API
Paraliparis atramentatus,274552,Animalia,Chordata,Teleostei,Perciformes,Liparidae,Paraliparis,Species,WoRMS_API
Paraliparis atrolabiatus,274553,Animalia,Chordata,Teleostei,Perciformes,Liparidae,Paraliparis,Species,WoRMS_API
Paraliparis attenuatus,274554,Animalia,Chordata,Teleostei,Perciformes,Liparidae,Paraliparis,Species,WoRMS_API
Paraliparis auriculatus,274555,Animalia,Chordata,Teleostei,Perciformes,Liparidae,Paraliparis,Species,WoRMS_API
Paraliparis australiensis,274556,Animalia,Chordata,Teleostei,Perciformes,Liparidae,Paraliparis,Species,WoRMS_API
Paraliparis australis,220973,Animalia,Chordata,Teleostei,Perciformes,Liparidae,Paraliparis,Species,WoRMS_API
Paraliparis avellaneus,274557,Animalia,Chordata,Teleostei,Perciformes,Liparidae,Paraliparis,Species,WoRMS_API
Paraliparis badius,274558,Animalia,Chordata,Teleostei,Perciformes,Liparidae,Paraliparis,Species,WoRMS_API
Paraliparis balgueriasi,234786,Animalia,Chordata,Teleostei,Perciformes,Liparidae,Paraliparis,Species,WoRMS_API
Paraliparis barbulifer,306278,Animalia,Chordata,Teleostei,Perciformes,Liparidae,Paraliparis,Species,WoRMS_API
Paraliparis bathybius,127222,Animalia,Chordata,Teleostei,Perciformes,Liparidae,Paraliparis,Species,WoRMS_API
Paraliparis bipolaris,127223,Animalia,Chordata,Teleostei,Perciformes,Liparidae,Paraliparis,Species,WoRMS_API
Paraliparis brunneocaudatus,274559,Animalia,Chordata,Teleostei,Perciformes,Liparidae,Paraliparis,Species,WoRMS_API
Paraliparis brunneus,274560,Animalia,Chordata,Teleostei,Perciformes,Liparidae,Paraliparis,Species,WoRMS_API
Paraliparis bullacephalus,474965,Animalia,Chordata,Teleostei,Perciformes,Liparidae,Paraliparis,Species,WoRMS_API
Paraliparis calidus,159529,Animalia,Chordata,Teleostei,Perciformes,Liparidae,Paraliparis,Species,WoRMS_API
Paraliparis camilarus,712563,Animalia,Chordata,Teleostei,Perciformes,Liparidae,Paraliparis,Species,WoRMS_API
Paraliparis caninus,712564,Animalia,Chordata,Teleostei,Perciformes,Liparidae,Paraliparis,Species,WoRMS_API
Paraliparis carlbondi,274561,Animalia,Chordata,Teleostei,Perciformes,Liparidae,Paraliparis,Species,WoRMS_API
Paraliparis caudatus,306279,Animalia,Chordata,Teleostei,Perciformes,Liparidae,Paraliparis,Species,WoRMS_API
Paraliparis cephalus,274562,Animalia,Chordata,Teleostei,Perciformes,Liparidae,Paraliparis,Species,WoRMS_API
Paraliparis cerasinus,234830,Animalia,Chordata,Teleostei,Perciformes,Liparidae,Paraliparis,Species,WoRMS_API
Paraliparis challengeri,127224,Animalia,Chordata,Teleostei,Perciformes,Liparidae,Paraliparis,Species,WoRMS_API
Paraliparis charcoti,274563,Animalia,Chordata,Teleostei,Perciformes,Liparidae,Paraliparis,Species,WoRMS_API
Paraliparis copei,159530,Animalia,Chordata,Teleostei,Perciformes,Liparidae,Paraliparis,Species,WoRMS_API
Paraliparis coracinus,274564,Animalia,Chordata,Teleostei,Perciformes,Liparidae,Paraliparis,Species,WoRMS_API
Paraliparis costatus,274565,Animalia,Chordata,Teleostei,Perciformes,Liparidae,Paraliparis,Species,WoRMS_API
Paraliparis csiroi,274566,Animalia,Chordata,Teleostei,Perciformes,Liparidae,Paraliparis,Species,WoRMS_API
Paraliparis dactyloides,274567,Animalia,Chordata,Teleostei,Perciformes,Liparidae,Paraliparis,Species,WoRMS_API
Paraliparis dactylosus,274568,Animalia,Chordata,Teleostei,Perciformes,Liparidae,Paraliparis,Species,WoRMS_API
Paraliparis darwini,274569,Animalia,Chordata,Teleostei,Perciformes,Liparidae,Paraliparis,Species,WoRMS_API
Paraliparis deani,274570,Animalia,Chordata,Teleostei,Perciformes,Liparidae,Paraliparis,Species,WoRMS_API
Paraliparis debueni,274571,Animalia,Chordata,Teleostei,Perciformes,Liparidae,Paraliparis,Species,WoRMS_API
Paraliparis delphis,274572,Animalia,Chordata,Teleostei,Perciformes,Liparidae,Paraliparis,Species,WoRMS_API
Paraliparis devriesi,234658,Animalia,Chordata,Teleostei,Perciformes,Liparidae,Paraliparis,Species,WoRMS_API
Polypera beringiana,315310,Animalia,Chordata,Teleostei,Perciformes,Liparidae,Polypera,Species,WoRMS_API
Polypera greeni,315311,Animalia,Chordata,Teleostei,Perciformes,Liparidae,Polypera,Species,WoRMS_API
Polypera simushirae,282316,Animalia,Chordata,Teleostei,Perciformes,Liparidae,Polypera,Species,WoRMS_API
Praematoliparis anarthractae,282342,Animalia,Chordata,Teleostei,Perciformes,Liparidae,Praematoliparis,Species,WoRMS_API
Prognatholiparis ptychomandibularis,282359,Animalia,Chordata,Teleostei,Perciformes,Liparidae,Prognatholiparis,Species,WoRMS_API
Prognurus cypselurus,320660,Animalia,Chordata,Teleostei,Perciformes,Liparidae,Prognurus,Species,WoRMS_API
Psednos andriashevi,274614,Animalia,Chordata,Teleostei,Perciformes,Liparidae,Psednos,Species,WoRMS_API
Psednos anoderkes,274615,Animalia,Chordata,Teleostei,Perciformes,Liparidae,Psednos,Species,WoRMS_API
Psednos argyrogaster,835008,Animalia,Chordata,Teleostei,Perciformes,Liparidae,Psednos,Species,WoRMS_API
Psednos balushkini,274616,Animalia,Chordata,Teleostei,Perciformes,Liparidae,Psednos,Species,WoRMS_API
Psednos barnardi,159536,Animalia,Chordata,Teleostei,Perciformes,Liparidae,Psednos,Species,WoRMS_API
Psednos carolinae,274617,Animalia,Chordata,Teleostei,Perciformes,Liparidae,Psednos,Species,WoRMS_API
Psednos cathetostomus,274618,Animalia,Chordata,Teleostei,Perciformes,Liparidae,Psednos,Species,WoRMS_API
Psednos chathami,835009,Animalia,Chordata,Teleostei,Perciformes,Liparidae,Psednos,Species,WoRMS_API
Psednos christinae,127230,Animalia,Chordata,Teleostei,Perciformes,Liparidae,Psednos,Species,WoRMS_API
Psednos cryptocaeca,835010,Animalia,Chordata,Teleostei,Perciformes,Liparidae,Psednos,Species,WoRMS_API
Psednos delawarei,159537,Animalia,Chordata,Teleostei,Perciformes,Liparidae,Psednos,Species,WoRMS_API
Psednos dentatus,274619,Animalia,Chordata,Teleostei,Perciformes,Liparidae,Psednos,Species,WoRMS_API
Psednos gelatinosus,274620,Animalia,Chordata,Teleostei,Perciformes,Liparidae,Psednos,Species,WoRMS_API
Psednos griseus,274621,Animalia,Chordata,Teleostei,Perciformes,Liparidae,Psednos,Species,WoRMS_API
Psednos groenlandicus,159538,Animalia,Chordata,Teleostei,Perciformes,Liparidae,Psednos,Species,WoRMS_API
Psednos harteli,159539,Animalia,Chordata,Teleostei,Perciformes,Liparidae,Psednos,Species,WoRMS_API
Psednos hateli,1578061,Animalia,Chordata,Teleostei,Perciformes,Liparidae,Psednos,Species,WoRMS_API
Psednos islandicus,274622,Animalia,Chordata,Teleostei,Perciformes,Liparidae,Psednos,Species,WoRMS_API
Psednos kaganovskii,1846801,Animalia,Chordata,Teleostei,Perciformes,Liparidae,Psednos,Species,WoRMS_API
Psednos longiventris,835011,Animalia,Chordata,Teleostei,Perciformes,Liparidae,Psednos,Species,WoRMS_API
Psednos melanocephalus,159540,Animalia,Chordata,Teleostei,Perciformes,Liparidae,Psednos,Species,WoRMS_API
Psednos mexicanus,274623,Animalia,Chordata,Teleostei,Perciformes,Liparidae,Psednos,Species,WoRMS_API
Psednos microps,274624,Animalia,Chordata,Teleostei,Perciformes,Liparidae,Psednos,Species,WoRMS_API
Psednos microstomus,835012,Animalia,Chordata,Teleostei,Perciformes,Liparidae,Psednos,Species,WoRMS_API
Psednos micruroides,274625,Animalia,Chordata,Teleostei,Perciformes,Liparidae,Psednos,Species,WoRMS_API
Psednos micrurus,274626,Animalia,Chordata,Teleostei,Perciformes,Liparidae,Psednos,Species,WoRMS_API
Psednos mirabilis,159541,Animalia,Chordata,Teleostei,Perciformes,Liparidae,Psednos,Species,WoRMS_API
Psednos nataliae,274627,Animalia,Chordata,Teleostei,Perciformes,Liparidae,Psednos,Species,WoRMS_API
Psednos nemnezi,835013,Animalia,Chordata,Teleostei,Perciformes,Liparidae,Psednos,Species,WoRMS_API
Psednos pallidus,274628,Animalia,Chordata,Teleostei,Perciformes,Liparidae,Psednos,Species,WoRMS_API
Psednos platyoperculosus,835014,Animalia,Chordata,Teleostei,Perciformes,Liparidae,Psednos,Species,WoRMS_API
Psednos rossi,159542,Animalia,Chordata,Teleostei,Perciformes,Liparidae,Psednos,Species,WoRMS_API
Psednos sargassicus,274629,Animalia,Chordata,Teleostei,Perciformes,Liparidae,Psednos,Species,WoRMS_API
Psednos spirohira,274630,Animalia,Chordata,Teleostei,Perciformes,Liparidae,Psednos,Species,WoRMS_API
Psednos steini,274631,Animalia,Chordata,Teleostei,Perciformes,Liparidae,Psednos,Species,WoRMS_API
Psednos struthersi,835015,Animalia,Chordata,Teleostei,Perciformes,Liparidae,Psednos,Species,WoRMS_API
Psednos whitleyi,274632,Animalia,Chordata,Teleostei,Perciformes,Liparidae,Psednos,Species,WoRMS_API
Pseudoliparis amblystomopsis,282444,Animalia,Chordata,Teleostei,Perciformes,Liparidae,Pseudoliparis,Species,WoRMS_API
Pseudoliparis belyaevi,282445,Animalia,Chordata,Teleostei,Perciformes,Liparidae,Pseudoliparis,Species,WoRMS_API
Pseudoliparis swirei,1047485,Animalia,Chordata,Teleostei,Perciformes,Liparidae,Pseudoliparis,Species,WoRMS_API
Pseudonotoliparis rassi,282457,Animalia,Chordata,Teleostei,Perciformes,Liparidae,Pseudonotoliparis,Species,WoRMS_API
Rhinoliparis attenuatus,282584,Animalia,Chordata,Teleostei,Perciformes,Liparidae,Rhinoliparis,Species,WoRMS_API
Rhinoliparis barbulifer,282585,Animalia,Chordata,Teleostei,Perciformes,Liparidae,Rhinoliparis,Species,WoRMS_API
Rhodichthys melanocephalus,834902,Animalia,Chordata,Teleostei,Perciformes,Liparidae,Rhodichthys,Species,WoRMS_API
Rhodichthys regina,127231,Animalia,Chordata,Teleostei,Perciformes,Liparidae,Rhodichthys,Species,WoRMS_API
Squaloliparis dentatus,282856,Animalia,Chordata,Teleostei,Perciformes,Liparidae,Squaloliparis,Species,WoRMS_API
Temnocora candida,282939,Animalia,Chordata,Teleostei,Perciformes,Liparidae,Temnocora,Species,WoRMS_API
Trismegistus owstoni,322160,Animalia,Chordata,Teleostei,Perciformes,Liparidae,Trismegistus,Species,WoRMS_API
Volodichthys catherinae,1578202,Animalia,Chordata,Teleostei,Perciformes,Liparidae,Volodichthys,Species,WoRMS_API
Volodichthys herwigi,1011315,Animalia,Chordata,Teleostei,Perciformes,Liparidae,Volodichthys,Species,WoRMS_API
Volodichthys parini,1043430,Animalia,Chordata,Teleostei,Perciformes,Liparidae,Volodichthys,Species,WoRMS_API
Volodichthys smirnovi,1011314,Animalia,Chordata,Teleostei,Perciformes,Liparidae,Volodichthys,Species,WoRMS_API
Volodichthys solovjevae,712582,Animalia,Chordata,Teleostei,Perciformes,Liparidae,Volodichthys,Species,WoRMS_API
Derjuginia japonica,317677,Animalia,Chordata,Teleostei,Perciformes,Zoarcidae,Derjuginia,Species,WoRMS_API
Derjuginia ochotensis,317678,Animalia,Chordata,Teleostei,Perciformes,Zoarcidae,Derjuginia,Species,WoRMS_API
Phucocoetus variegatus,322543,Animalia,Chordata,Teleostei,Perciformes,Zoarcidae,Phucocoetus,Species,WoRMS_API
Grimpoteuthis abyssicola,342079,Animalia,Mollusca,Cephalopoda,Octopoda,Grimpoteuthidae,Grimpoteuthis,Species,WoRMS_API
Grimpoteuthis albatrossi,342080,Animalia,Mollusca,Cephalopoda,Octopoda,Grimpoteuthidae,Grimpoteuthis,Species,WoRMS_API
Grimpoteuthis angularis,1565821,Animalia,Mollusca,Cephalopoda,Octopoda,Grimpoteuthidae,Grimpoteuthis,Species,WoRMS_API
Grimpoteuthis antarctica,342081,Animalia,Mollusca,Cephalopoda,Octopoda,Grimpoteuthidae,Grimpoteuthis,Species,WoRMS_API
Grimpoteuthis bathynectes,342082,Animalia,Mollusca,Cephalopoda,Octopoda,Grimpoteuthidae,Grimpoteuthis,Species,WoRMS_API
Grimpoteuthis boylei,153093,Animalia,Mollusca,Cephalopoda,Octopoda,Grimpoteuthidae,Grimpoteuthis,Species,WoRMS_API
Grimpoteuthis bruuni,342083,Animalia,Mollusca,Cephalopoda,Octopoda,Grimpoteuthidae,Grimpoteuthis,Species,WoRMS_API
Grimpoteuthis caudani,342084,Animalia,Mollusca,Cephalopoda,Octopoda,Grimpoteuthidae,Grimpoteuthis,Species,WoRMS_API
Grimpoteuthis challengeri,153073,Animalia,Mollusca,Cephalopoda,Octopoda,Grimpoteuthidae,Grimpoteuthis,Species,WoRMS_API
Grimpoteuthis discoveryi,153084,Animalia,Mollusca,Cephalopoda,Octopoda,Grimpoteuthidae,Grimpoteuthis,Species,WoRMS_API
Grimpoteuthis feitiana,1808522,Animalia,Mollusca,Cephalopoda,Octopoda,Grimpoteuthidae,Grimpoteuthis,Species,WoRMS_API
Grimpoteuthis glacialis,342085,Animalia,Mollusca,Cephalopoda,Octopoda,Grimpoteuthidae,Grimpoteuthis,Species,WoRMS_API
Grimpoteuthis greeni,1565820,Animalia,Mollusca,Cephalopoda,Octopoda,Grimpoteuthidae,Grimpoteuthis,Species,WoRMS_API
Grimpoteuthis hippocrepium,342086,Animalia,Mollusca,Cephalopoda,Octopoda,Grimpoteuthidae,Grimpoteuthis,Species,WoRMS_API
Grimpoteuthis imperator,1507664,Animalia,Mollusca,Cephalopoda,Octopoda,Grimpoteuthidae,Grimpoteuthis,Species,WoRMS_API
Grimpoteuthis innominata,410363,Animalia,Mollusca,Cephalopoda,Octopoda,Grimpoteuthidae,Grimpoteuthis,Species,WoRMS_API
Grimpoteuthis mawsoni,342087,Animalia,Mollusca,Cephalopoda,Octopoda,Grimpoteuthidae,Grimpoteuthis,Species,WoRMS_API
Grimpoteuthis meangensis,342088,Animalia,Mollusca,Cephalopoda,Octopoda,Grimpoteuthidae,Grimpoteuthis,Species,WoRMS_API
Grimpoteuthis megaptera,157020,Animalia,Mollusca,Cephalopoda,Octopoda,Grimpoteuthidae,Grimpoteuthis,Species,WoRMS_API
Grimpoteuthis pacifica,342089,Animalia,Mollusca,Cephalopoda,Octopoda,Grimpoteuthidae,Grimpoteuthis,Species,WoRMS_API
Grimpoteuthis plena,157021,Animalia,Mollusca,Cephalopoda,Octopoda,Grimpoteuthidae,Grimpoteuthis,Species,WoRMS_API
Grimpoteuthis tuftsi,342090,Animalia,Mollusca,Cephalopoda,Octopoda,Grimpoteuthidae,Grimpoteuthis,Species,WoRMS_API
Grimpoteuthis umbellata,153141,Animalia,Mollusca,Cephalopoda,Octopoda,Grimpoteuthidae,Grimpoteuthis,Species,WoRMS_API
Grimpoteuthis umbellatus,140651,Animalia,Mollusca,Cephalopoda,Octopoda,Grimpoteuthidae,Grimpoteuthis,Species,WoRMS_API
Grimpoteuthis wuelkeri,153094,Animalia,Mollusca,Cephalopoda,Octopoda,Grimpoteuthidae,Grimpoteuthis,Species,WoRMS_API
Vampyroteuthis infernalis,141887,Animalia,Mollusca,Cephalopoda,Vampyromorpha,Vampyroteuthidae,Vampyroteuthis,Species,WoRMS_API
Vampyroteuthis pseudoinfernalis,1759859,Animalia,Mollusca,Cephalopoda,Vampyromorpha,Vampyroteuthidae,Vampyroteuthis,Species,WoRMS_API
Magnapinna atlantica,342363,Animalia,Mollusca,Cephalopoda,Oegopsida,Magnapinnidae,Magnapinna,Species,WoRMS_API
Magnapinna pacifica,342364,Animalia,Mollusca,Cephalopoda,Oegopsida,Magnapinnidae,Magnapinna,Species,WoRMS_API
Magnapinna talismani,342365,Animalia,Mollusca,Cephalopoda,Oegopsida,Magnapinnidae,Magnapinna,Species,WoRMS_API
Stauroteuthis albatrossi,833135,Animalia,Mollusca,Cephalopoda,Octopoda,Stauroteuthidae,Stauroteuthis,Species,WoRMS_API
Stauroteuthis gilchristi,410399,Animalia,Mollusca,Cephalopoda,Octopoda,Stauroteuthidae,Stauroteuthis,Species,WoRMS_API
Stauroteuthis hippocrepium,833140,Animalia,Mollusca,Cephalopoda,Octopoda,Stauroteuthidae,Stauroteuthis,Species,WoRMS_API
Stauroteuthis kengrahami,1672057,Animalia,Mollusca,Cephalopoda,Octopoda,Stauroteuthidae,Stauroteuthis,Species,WoRMS_API
Stauroteuthis mawsoni,1329236,Animalia,Mollusca,Cephalopoda,Octopoda,Stauroteuthidae,Stauroteuthis,Species,WoRMS_API
Stauroteuthis syrtensis,153122,Animalia,Mollusca,Cephalopoda,Octopoda,Stauroteuthidae,Stauroteuthis,Species,WoRMS_API
Stauroteuthis wuelkeri,564964,Animalia,Mollusca,Cephalopoda,Octopoda,Stauroteuthidae,Stauroteuthis,Species,WoRMS_API
Eurythenes aequilatus,1033439,Animalia,Arthropoda,Malacostraca,Amphipoda,Eurytheneidae,Eurythenes,Species,WoRMS_API
Eurythenes andhakarae,849541,Animalia,Arthropoda,Malacostraca,Amphipoda,Eurytheneidae,Eurythenes,Species,WoRMS_API
Eurythenes atacamensis,1513132,Animalia,Arthropoda,Malacostraca,Amphipoda,Eurytheneidae,Eurythenes,Species,WoRMS_API
Eurythenes fusiformis,492009,Animalia,Arthropoda,Malacostraca,Amphipoda,Eurytheneidae,Eurythenes,Species,WoRMS_API
Eurythenes gryllus,102563,Animalia,Arthropoda,Malacostraca,Amphipoda,Eurytheneidae,Eurythenes,Species,WoRMS_API
Eurythenes inti,1820112,Animalia,Arthropoda,Malacostraca,Amphipoda,Eurytheneidae,Eurythenes,Species,WoRMS_API
Eurythenes magellanicus,849543,Animalia,Arthropoda,Malacostraca,Amphipoda,Eurytheneidae,Eurythenes,Species,WoRMS_API
Eurythenes maldoror,849546,Animalia,Arthropoda,Malacostraca,Amphipoda,Eurytheneidae,Eurythenes,Species,WoRMS_API
Eurythenes microps,492010,Animalia,Arthropoda,Malacostraca,Amphipoda,Eurytheneidae,Eurythenes,Species,WoRMS_API
Eurythenes obesus,102564,Animalia,Arthropoda,Malacostraca,Amphipoda,Eurytheneidae,Eurythenes,Species,WoRMS_API
Eurythenes plasticus,1424175,Animalia,Arthropoda,Malacostraca,Amphipoda,Eurytheneidae,Eurythenes,Species,WoRMS_API
Eurythenes sigmiferus,849547,Animalia,Arthropoda,Malacostraca,Amphipoda,Eurytheneidae,Eurythenes,Species,WoRMS_API
Eurythenes sp_DISCOLL_PAP_B,1579386,Animalia,Arthropoda,Malacostraca,Amphipoda,Eurytheneidae,Eurythenes,Species,WoRMS_API
Eurythenes thurstoni,237428,Animalia,Arthropoda,Malacostraca,Amphipoda,Eurytheneidae,Eurythenes,Species,WoRMS_API
Hirondellea abyssalis,102587,Animalia,Arthropoda,Malacostraca,Amphipoda,Hirondelleidae,Hirondellea,Species,WoRMS_API
Hirondellea antarctica,237757,Animalia,Arthropoda,Malacostraca,Amphipoda,Hirondelleidae,Hirondellea,Species,WoRMS_API
Hirondellea brevicaudata,490548,Animalia,Arthropoda,Malacostraca,Amphipoda,Hirondelleidae,Hirondellea,Species,WoRMS_API
Hirondellea diamantina,490550,Animalia,Arthropoda,Malacostraca,Amphipoda,Hirondelleidae,Hirondellea,Species,WoRMS_API
Hirondellea dubia,428676,Animalia,Arthropoda,Malacostraca,Amphipoda,Hirondelleidae,Hirondellea,Species,WoRMS_API
Hirondellea endeavour,490552,Animalia,Arthropoda,Malacostraca,Amphipoda,Hirondelleidae,Hirondellea,Species,WoRMS_API
Hirondellea fidenter,490553,Animalia,Arthropoda,Malacostraca,Amphipoda,Hirondelleidae,Hirondellea,Species,WoRMS_API
Hirondellea franklin,490554,Animalia,Arthropoda,Malacostraca,Amphipoda,Hirondelleidae,Hirondellea,Species,WoRMS_API
Hirondellea gigas,428677,Animalia,Arthropoda,Malacostraca,Amphipoda,Hirondelleidae,Hirondellea,Species,WoRMS_API
Hirondellea glutonis,490556,Animalia,Arthropoda,Malacostraca,Amphipoda,Hirondelleidae,Hirondellea,Species,WoRMS_API
Hirondellea guyoti,490558,Animalia,Arthropoda,Malacostraca,Amphipoda,Hirondelleidae,Hirondellea,Species,WoRMS_API
Hirondellea kapala,490559,Animalia,Arthropoda,Malacostraca,Amphipoda,Hirondelleidae,Hirondellea,Species,WoRMS_API
Hirondellea namarensis,731223,Animalia,Arthropoda,Malacostraca,Amphipoda,Hirondelleidae,Hirondellea,Species,WoRMS_API
Hirondellea naturaliste,490560,Animalia,Arthropoda,Malacostraca,Amphipoda,Hirondelleidae,Hirondellea,Species,WoRMS_API
Hirondellea sindhusagar,468196,Animalia,Arthropoda,Malacostraca,Amphipoda,Hirondelleidae,Hirondellea,Species,WoRMS_API
Hirondellea sonne,817312,Animalia,Arthropoda,Malacostraca,Amphipoda,Hirondelleidae,Hirondellea,Species,WoRMS_API
Hirondellea thurstoni,817310,Animalia,Arthropoda,Malacostraca,Amphipoda,Hirondelleidae,Hirondellea,Species,WoRMS_API
Hirondellea trioculata,102586,Animalia,Arthropoda,Malacostraca,Amphipoda,Hirondelleidae,Hirondellea,Species,WoRMS_API
Hirondellea wagneri,817311,Animalia,Arthropoda,Malacostraca,Amphipoda,Hirondelleidae,Hirondellea,Species,WoRMS_API
Hirondellea wolfendeni,490562,Animalia,Arthropoda,Malacostraca,Amphipoda,Hirondelleidae,Hirondellea,Species,WoRMS_API
Alicella gigantea,488208,Animalia,Arthropoda,Malacostraca,Amphipoda,Alicellidae,Alicella,Species,WoRMS_API
Alicella scotiae,1696268,Animalia,Arthropoda,Malacostraca,Amphipoda,Alicellidae,Alicella,Species,WoRMS_API
Gigantocypris agassizi,176758,Animalia,Arthropoda,Ostracoda,Myodocopida,Cypridinidae,Gigantocypris,Species,WoRMS_API
Gigantocypris agassizii,783865,Animalia,Arthropoda,Ostracoda,Myodocopida,Cypridinidae,Gigantocypris,Species,WoRMS_API
Gigantocypris australis,176759,Animalia,Arthropoda,Ostracoda,Myodocopida,Cypridinidae,Gigantocypris,Species,WoRMS_API
Gigantocypris danae,127713,Animalia,Arthropoda,Ostracoda,Myodocopida,Cypridinidae,Gigantocypris,Species,WoRMS_API
Gigantocypris dracontovalis,127714,Animalia,Arthropoda,Ostracoda,Myodocopida,Cypridinidae,Gigantocypris,Species,WoRMS_API
Gigantocypris muelleri,127715,Animalia,Arthropoda,Ostracoda,Myodocopida,Cypridinidae,Gigantocypris,Species,WoRMS_API
Gigantocypris pellucida,176771,Animalia,Arthropoda,Ostracoda,Myodocopida,Cypridinidae,Gigantocypris,Species,WoRMS_API
Bathynomus affinis,259249,Animalia,Arthropoda,Malacostraca,Isopoda,Cirolanidae,Bathynomus,Species,WoRMS_API
Bathynomus brucei,292757,Animalia,Arthropoda,Malacostraca,Isopoda,Cirolanidae,Bathynomus,Species,WoRMS_API
Bathynomus bruscai,292758,Animalia,Arthropoda,Malacostraca,Isopoda,Cirolanidae,Bathynomus,Species,WoRMS_API
Bathynomus crosnieri,292759,Animalia,Arthropoda,Malacostraca,Isopoda,Cirolanidae,Bathynomus,Species,WoRMS_API
Bathynomus decemspinosus,259250,Animalia,Arthropoda,Malacostraca,Isopoda,Cirolanidae,Bathynomus,Species,WoRMS_API
Bathynomus doederleini,259251,Animalia,Arthropoda,Malacostraca,Isopoda,Cirolanidae,Bathynomus,Species,WoRMS_API
Bathynomus doederleinii,1531641,Animalia,Arthropoda,Malacostraca,Isopoda,Cirolanidae,Bathynomus,Species,WoRMS_API
Bathynomus giganteus,259252,Animalia,Arthropoda,Malacostraca,Isopoda,Cirolanidae,Bathynomus,Species,WoRMS_API
Bathynomus immanis,259253,Animalia,Arthropoda,Malacostraca,Isopoda,Cirolanidae,Bathynomus,Species,WoRMS_API
Bathynomus jamesi,1059800,Animalia,Arthropoda,Malacostraca,Isopoda,Cirolanidae,Bathynomus,Species,WoRMS_API
Bathynomus kapala,259254,Animalia,Arthropoda,Malacostraca,Isopoda,Cirolanidae,Bathynomus,Species,WoRMS_API
Bathynomus keablei,292760,Animalia,Arthropoda,Malacostraca,Isopoda,Cirolanidae,Bathynomus,Species,WoRMS_API
Bathynomus kensleyi,292761,Animalia,Arthropoda,Malacostraca,Isopoda,Cirolanidae,Bathynomus,Species,WoRMS_API
Bathynomus lowryi,259255,Animalia,Arthropoda,Malacostraca,Isopoda,Cirolanidae,Bathynomus,Species,WoRMS_API
Bathynomus maxeyorum,882770,Animalia,Arthropoda,Malacostraca,Isopoda,Cirolanidae,Bathynomus,Species,WoRMS_API
Bathynomus miyarei,259256,Animalia,Arthropoda,Malacostraca,Isopoda,Cirolanidae,Bathynomus,Species,WoRMS_API
Bathynomus obtusus,259257,Animalia,Arthropoda,Malacostraca,Isopoda,Cirolanidae,Bathynomus,Species,WoRMS_API
Bathynomus paracelensis,1806336,Animalia,Arthropoda,Malacostraca,Isopoda,Cirolanidae,Bathynomus,Species,WoRMS_API
Bathynomus pelor,259258,Animalia,Arthropoda,Malacostraca,Isopoda,Cirolanidae,Bathynomus,Species,WoRMS_API
Bathynomus propinquus,259259,Animalia,Arthropoda,Malacostraca,Isopoda,Cirolanidae,Bathynomus,Species,WoRMS_API
Bathynomus raksasa,1446833,Animalia,Arthropoda,Malacostraca,Isopoda,Cirolanidae,Bathynomus,Species,WoRMS_API
Bathynomus richeri,292762,Animalia,Arthropoda,Malacostraca,Isopoda,Cirolanidae,Bathynomus,Species,WoRMS_API
Bathynomus vaderi,1791043,Animalia,Arthropoda,Malacostraca,Isopoda,Cirolanidae,Bathynomus,Species,WoRMS_API
Bathynomus wilsoni,1804672,Animalia,Arthropoda,Malacostraca,Isopoda,Cirolanidae,Bathynomus,Species,WoRMS_API
Bathynomus yucatanensis,1596762,Animalia,Arthropoda,Malacostraca,Isopoda,Cirolanidae,Bathynomus,Species,WoRMS_API
Psychrolutes inermis,274673,Animalia,Chordata,Teleostei,Perciformes,Psychrolutidae,Psychrolutes,Species,WoRMS_API
Psychrolutes latus,306390,Animalia,Chordata,Teleostei,Perciformes,Psychrolutidae,Psychrolutes,Species,WoRMS_API
Psychrolutes macrocephalus,221445,Animalia,Chordata,Teleostei,Perciformes,Psychrolutidae,Psychrolutes,Species,WoRMS_API
Psychrolutes marcidus,274674,Animalia,Chordata,Teleostei,Perciformes,Psychrolutidae,Psychrolutes,Species,WoRMS_API
Psychrolutes marmoratus,274675,Animalia,Chordata,Teleostei,Perciformes,Psychrolutidae,Psychrolutes,Species,WoRMS_API
Psychrolutes microporos,274676,Animalia,Chordata,Teleostei,Perciformes,Psychrolutidae,Psychrolutes,Species,WoRMS_API
Psychrolutes occidentalis,274677,Animalia,Chordata,Teleostei,Perciformes,Psychrolutidae,Psychrolutes,Species,WoRMS_API
Psychrolutes paradoxus,254566,Animalia,Chordata,Teleostei,Perciformes,Psychrolutidae,Psychrolutes,Species,WoRMS_API
Psychrolutes phrictus,274678,Animalia,Chordata,Teleostei,Perciformes,Psychrolutidae,Psychrolutes,Species,WoRMS_API
Psychrolutes pustulosa,401187,Animalia,Chordata,Teleostei,Perciformes,Psychrolutidae,Psychrolutes,Species,WoRMS_API
Psychrolutes pustulosus,306391,Animalia,Chordata,Teleostei,Perciformes,Psychrolutidae,Psychrolutes,Species,WoRMS_API
Psychrolutes sigalutes,274679,Animalia,Chordata,Teleostei,Perciformes,Psychrolutidae,Psychrolutes,Species,WoRMS_API
Psychrolutes sio,274680,Animalia,Chordata,Teleostei,Perciformes,Psychrolutidae,Psychrolutes,Species,WoRMS_API
Psychrolutes subspinosus,127239,Animalia,Chordata,Teleostei,Perciformes,Psychrolutidae,Psychrolutes,Species,WoRMS_API
Psychrolutes zebra,306392,Animalia,Chordata,Teleostei,Perciformes,Psychrolutidae,Psychrolutes,Species,WoRMS_API
Relicanthus daphneae,1338746,Animalia,Cnidaria,Hexacorallia,Actiniaria,Relicanthidae,Relicanthus,Species,WoRMS_API
Relicanthus daphneae,1562157,Animalia,Cnidaria,Hexacorallia,Actiniaria,Relicanthidae,Relicanthus,Species,WoRMS_API
Scotoplanes albida,530439,Animalia,Echinodermata,Holothuroidea,Elasipodida,Elpidiidae,Scotoplanes,Species,WoRMS_API
Scotoplanes angelicus,174049,Animalia,Echinodermata,Holothuroidea,Elasipodida,Elpidiidae,Scotoplanes,Species,WoRMS_API
Scotoplanes clarki,428804,Animalia,Echinodermata,Holothuroidea,Elasipodida,Elpidiidae,Scotoplanes,Species,WoRMS_API
Scotoplanes delagei,124749,Animalia,Echinodermata,Holothuroidea,Elasipodida,Elpidiidae,Scotoplanes,Species,WoRMS_API
Scotoplanes facetus,529751,Animalia,Echinodermata,Holothuroidea,Elasipodida,Elpidiidae,Scotoplanes,Species,WoRMS_API
Scotoplanes galatheae,428805,Animalia,Echinodermata,Holothuroidea,Elasipodida,Elpidiidae,Scotoplanes,Species,WoRMS_API
Scotoplanes gilpinbrowni,530233,Animalia,Echinodermata,Holothuroidea,Elasipodida,Elpidiidae,Scotoplanes,Species,WoRMS_API
Scotoplanes globosa,148773,Animalia,Echinodermata,Holothuroidea,Elasipodida,Elpidiidae,Scotoplanes,Species,WoRMS_API
Scotoplanes hanseni,528870,Animalia,Echinodermata,Holothuroidea,Elasipodida,Elpidiidae,Scotoplanes,Species,WoRMS_API
Scotoplanes insignis,529360,Animalia,Echinodermata,Holothuroidea,Elasipodida,Elpidiidae,Scotoplanes,Species,WoRMS_API
Scotoplanes kurilensis,528871,Animalia,Echinodermata,Holothuroidea,Elasipodida,Elpidiidae,Scotoplanes,Species,WoRMS_API
Scotoplanes robusta,530449,Animalia,Echinodermata,Holothuroidea,Elasipodida,Elpidiidae,Scotoplanes,Species,WoRMS_API
Scotoplanes theeli,530223,Animalia,Echinodermata,Holothuroidea,Elasipodida,Elpidiidae,Scotoplanes,Species,WoRMS_API
Scotoplanes theli,732540,Animalia,Echinodermata,Holothuroidea,Elasipodida,Elpidiidae,Scotoplanes,Species,WoRMS_API
Alaysia solwarawarriors,1697811,Animalia,Annelida,Polychaeta,Sabellida,Siboglinidae,Alaysia,Species,WoRMS_API
Alaysia spiralis,265833,Animalia,Annelida,Polychaeta,Sabellida,Siboglinidae,Alaysia,Species,WoRMS_API
Archeolinum contortum,766425,Animalia,Annelida,Polychaeta,Sabellida,Siboglinidae,Archeolinum,Species,WoRMS_API
Arcovestia ivanovi,265838,Animalia,Annelida,Polychaeta,Sabellida,Siboglinidae,Arcovestia,Species,WoRMS_API
Birsteinia vitjasi,265845,Animalia,Annelida,Polychaeta,Sabellida,Siboglinidae,Birsteinia,Species,WoRMS_API
Bobmarleya gadensis,380414,Animalia,Annelida,Polychaeta,Sabellida,Siboglinidae,Bobmarleya,Species,WoRMS_API
Choanophorus indicus,265853,Animalia,Annelida,Polychaeta,Sabellida,Siboglinidae,Choanophorus,Species,WoRMS_API
Crassibrachia brasiliensis,265887,Animalia,Annelida,Polychaeta,Sabellida,Siboglinidae,Crassibrachia,Species,WoRMS_API
Crassibrachia sandersi,265888,Animalia,Annelida,Polychaeta,Sabellida,Siboglinidae,Crassibrachia,Species,WoRMS_API
Crispabrachia yenisey,1567957,Animalia,Annelida,Polychaeta,Sabellida,Siboglinidae,Crispabrachia,Species,WoRMS_API
Cyclobrachia auriculata,265903,Animalia,Annelida,Polychaeta,Sabellida,Siboglinidae,Cyclobrachia,Species,WoRMS_API
Diplobrachia belajevi,265802,Animalia,Annelida,Polychaeta,Sabellida,Siboglinidae,Diplobrachia,Species,WoRMS_API
Diplobrachia capillaris,129127,Animalia,Annelida,Polychaeta,Sabellida,Siboglinidae,Diplobrachia,Species,WoRMS_API
Diplobrachia floridiensis,265803,Animalia,Annelida,Polychaeta,Sabellida,Siboglinidae,Diplobrachia,Species,WoRMS_API
Diplobrachia grenadiensis,265804,Animalia,Annelida,Polychaeta,Sabellida,Siboglinidae,Diplobrachia,Species,WoRMS_API
Diplobrachia japonica,265805,Animalia,Annelida,Polychaeta,Sabellida,Siboglinidae,Diplobrachia,Species,WoRMS_API
Diplobrachia similis,129128,Animalia,Annelida,Polychaeta,Sabellida,Siboglinidae,Diplobrachia,Species,WoRMS_API
Diplobrachia southwardae,265806,Animalia,Annelida,Polychaeta,Sabellida,Siboglinidae,Diplobrachia,Species,WoRMS_API
Escarpia laminata,265923,Animalia,Annelida,Polychaeta,Sabellida,Siboglinidae,Escarpia,Species,WoRMS_API
Escarpia southwardae,582545,Animalia,Annelida,Polychaeta,Sabellida,Siboglinidae,Escarpia,Species,WoRMS_API
Escarpia spicata,265924,Animalia,Annelida,Polychaeta,Sabellida,Siboglinidae,Escarpia,Species,WoRMS_API
Escarpia tritentaculata,1650174,Animalia,Annelida,Polychaeta,Sabellida,Siboglinidae,Escarpia,Species,WoRMS_API
Galathealinum arcticum,265934,Animalia,Annelida,Polychaeta,Sabellida,Siboglinidae,Galathealinum,Species,WoRMS_API
Galathealinum brachiosum,265935,Animalia,Annelida,Polychaeta,Sabellida,Siboglinidae,Galathealinum,Species,WoRMS_API
Galathealinum bruuni,265936,Animalia,Annelida,Polychaeta,Sabellida,Siboglinidae,Galathealinum,Species,WoRMS_API
Galathealinum karaense,1445694,Animalia,Annelida,Polychaeta,Sabellida,Siboglinidae,Galathealinum,Species,WoRMS_API
Galathealinum mexicanum,766544,Animalia,Annelida,Polychaeta,Sabellida,Siboglinidae,Galathealinum,Species,WoRMS_API
Heptabrachia abyssicola,265943,Animalia,Annelida,Polychaeta,Sabellida,Siboglinidae,Heptabrachia,Species,WoRMS_API
Heptabrachia beringensis,265944,Animalia,Annelida,Polychaeta,Sabellida,Siboglinidae,Heptabrachia,Species,WoRMS_API
Heptabrachia canadensis,265945,Animalia,Annelida,Polychaeta,Sabellida,Siboglinidae,Heptabrachia,Species,WoRMS_API
Heptabrachia celebensis,265946,Animalia,Annelida,Polychaeta,Sabellida,Siboglinidae,Heptabrachia,Species,WoRMS_API
Heptabrachia ctenophora,265947,Animalia,Annelida,Polychaeta,Sabellida,Siboglinidae,Heptabrachia,Species,WoRMS_API
Heptabrachia gracilis,265948,Animalia,Annelida,Polychaeta,Sabellida,Siboglinidae,Heptabrachia,Species,WoRMS_API
Heptabrachia subtilis,265949,Animalia,Annelida,Polychaeta,Sabellida,Siboglinidae,Heptabrachia,Species,WoRMS_API
Heptabrachia talboti,265950,Animalia,Annelida,Polychaeta,Sabellida,Siboglinidae,Heptabrachia,Species,WoRMS_API
Krampolinum galatheae,428689,Animalia,Annelida,Polychaeta,Sabellida,Siboglinidae,Krampolinum,Species,WoRMS_API
Lamellibrachia anaximandri,593280,Animalia,Annelida,Polychaeta,Sabellida,Siboglinidae,Lamellibrachia,Species,WoRMS_API
Lamellibrachia barhami,265812,Animalia,Annelida,Polychaeta,Sabellida,Siboglinidae,Lamellibrachia,Species,WoRMS_API
Lamellibrachia columna,265813,Animalia,Annelida,Polychaeta,Sabellida,Siboglinidae,Lamellibrachia,Species,WoRMS_API
Lamellibrachia donwalshi,1306035,Animalia,Annelida,Polychaeta,Sabellida,Siboglinidae,Lamellibrachia,Species,WoRMS_API
Lamellibrachia judigobini,1650098,Animalia,Annelida,Polychaeta,Sabellida,Siboglinidae,Lamellibrachia,Species,WoRMS_API
Lamellibrachia juni,265814,Animalia,Annelida,Polychaeta,Sabellida,Siboglinidae,Lamellibrachia,Species,WoRMS_API
Lamellibrachia luymesi,265815,Animalia,Annelida,Polychaeta,Sabellida,Siboglinidae,Lamellibrachia,Species,WoRMS_API
Lamellibrachia sagami,852943,Animalia,Annelida,Polychaeta,Sabellida,Siboglinidae,Lamellibrachia,Species,WoRMS_API
Lamellibrachia satsuma,265816,Animalia,Annelida,Polychaeta,Sabellida,Siboglinidae,Lamellibrachia,Species,WoRMS_API
Lamellibrachia victori,265817,Animalia,Annelida,Polychaeta,Sabellida,Siboglinidae,Lamellibrachia,Species,WoRMS_API
Lamellisabella coronata,265796,Animalia,Annelida,Polychaeta,Sabellida,Siboglinidae,Lamellisabella,Species,WoRMS_API
Lamellisabella denticulata,129126,Animalia,Annelida,Polychaeta,Sabellida,Siboglinidae,Lamellisabella,Species,WoRMS_API
Lamellisabella gorbunovi,766543,Animalia,Annelida,Polychaeta,Sabellida,Siboglinidae,Lamellisabella,Species,WoRMS_API
Lamellisabella ivanovi,265797,Animalia,Annelida,Polychaeta,Sabellida,Siboglinidae,Lamellisabella,Species,WoRMS_API
Lamellisabella johanssoni,265798,Animalia,Annelida,Polychaeta,Sabellida,Siboglinidae,Lamellisabella,Species,WoRMS_API
Lamellisabella minuta,265799,Animalia,Annelida,Polychaeta,Sabellida,Siboglinidae,Lamellisabella,Species,WoRMS_API
Lamellisabella pallida,265800,Animalia,Annelida,Polychaeta,Sabellida,Siboglinidae,Lamellisabella,Species,WoRMS_API
Lamellisabella zachsi,265801,Animalia,Annelida,Polychaeta,Sabellida,Siboglinidae,Lamellisabella,Species,WoRMS_API
Nereilinum murmanicum,129108,Animalia,Annelida,Polychaeta,Sabellida,Siboglinidae,Nereilinum,Species,WoRMS_API
Nereilinum punctatum,265737,Animalia,Annelida,Polychaeta,Sabellida,Siboglinidae,Nereilinum,Species,WoRMS_API
Nereilinum squamosum,265738,Animalia,Annelida,Polychaeta,Sabellida,Siboglinidae,Nereilinum,Species,WoRMS_API
Oasisia alvinae,265973,Animalia,Annelida,Polychaeta,Sabellida,Siboglinidae,Oasisia,Species,WoRMS_API
Oasisia fujikurai,265974,Animalia,Annelida,Polychaeta,Sabellida,Siboglinidae,Oasisia,Species,WoRMS_API
Oligobrachia dogieli,265739,Animalia,Annelida,Polychaeta,Sabellida,Siboglinidae,Oligobrachia,Species,WoRMS_API
Oligobrachia erythrocephala,265740,Animalia,Annelida,Polychaeta,Sabellida,Siboglinidae,Oligobrachia,Species,WoRMS_API
Oligobrachia floridana,265741,Animalia,Annelida,Polychaeta,Sabellida,Siboglinidae,Oligobrachia,Species,WoRMS_API
Oligobrachia gracilis,129109,Animalia,Annelida,Polychaeta,Sabellida,Siboglinidae,Oligobrachia,Species,WoRMS_API
Oligobrachia haakonmosbiensis,129110,Animalia,Annelida,Polychaeta,Sabellida,Siboglinidae,Oligobrachia,Species,WoRMS_API
Oligobrachia hawaiiensis,265742,Animalia,Annelida,Polychaeta,Sabellida,Siboglinidae,Oligobrachia,Species,WoRMS_API
Oligobrachia ivanovi,129111,Animalia,Annelida,Polychaeta,Sabellida,Siboglinidae,Oligobrachia,Species,WoRMS_API
Oligobrachia kernohanae,265743,Animalia,Annelida,Polychaeta,Sabellida,Siboglinidae,Oligobrachia,Species,WoRMS_API
Oligobrachia mashikoi,265744,Animalia,Annelida,Polychaeta,Sabellida,Siboglinidae,Oligobrachia,Species,WoRMS_API
Oligobrachia plicata,265745,Animalia,Annelida,Polychaeta,Sabellida,Siboglinidae,Oligobrachia,Species,WoRMS_API
Oligobrachia webbi,129112,Animalia,Annelida,Polychaeta,Sabellida,Siboglinidae,Oligobrachia,Species,WoRMS_API
Osedax antarcticus,740917,Animalia,Annelida,Polychaeta,Sabellida,Siboglinidae,Osedax,Species,WoRMS_API
Osedax bozoi,1748514,Animalia,Annelida,Polychaeta,Sabellida,Siboglinidae,Osedax,Species,WoRMS_API
Osedax braziliensis,1321178,Animalia,Annelida,Polychaeta,Sabellida,Siboglinidae,Osedax,Species,WoRMS_API
Osedax bryani,1058030,Animalia,Annelida,Polychaeta,Sabellida,Siboglinidae,Osedax,Species,WoRMS_API
Osedax byronbayensis,1661575,Animalia,Annelida,Polychaeta,Sabellida,Siboglinidae,Osedax,Species,WoRMS_API
Osedax craigmcclaini,1748515,Animalia,Annelida,Polychaeta,Sabellida,Siboglinidae,Osedax,Species,WoRMS_API
Osedax crouchi,763684,Animalia,Annelida,Polychaeta,Sabellida,Siboglinidae,Osedax,Species,WoRMS_API
Osedax deceptionensis,740916,Animalia,Annelida,Polychaeta,Sabellida,Siboglinidae,Osedax,Species,WoRMS_API
Osedax docricketts,1058021,Animalia,Annelida,Polychaeta,Sabellida,Siboglinidae,Osedax,Species,WoRMS_API
Osedax estcourti,1748517,Animalia,Annelida,Polychaeta,Sabellida,Siboglinidae,Osedax,Species,WoRMS_API
Osedax fenrisi,1442174,Animalia,Annelida,Polychaeta,Sabellida,Siboglinidae,Osedax,Species,WoRMS_API
Osedax frankpressi,265979,Animalia,Annelida,Polychaeta,Sabellida,Siboglinidae,Osedax,Species,WoRMS_API
Osedax jabba,1058026,Animalia,Annelida,Polychaeta,Sabellida,Siboglinidae,Osedax,Species,WoRMS_API
Osedax japonicus,390051,Animalia,Annelida,Polychaeta,Sabellida,Siboglinidae,Osedax,Species,WoRMS_API
Osedax knutei,1058023,Animalia,Annelida,Polychaeta,Sabellida,Siboglinidae,Osedax,Species,WoRMS_API
Osedax lehmani,1058027,Animalia,Annelida,Polychaeta,Sabellida,Siboglinidae,Osedax,Species,WoRMS_API
Osedax lonnyi,1058024,Animalia,Annelida,Polychaeta,Sabellida,Siboglinidae,Osedax,Species,WoRMS_API
Osedax mucofloris,265980,Animalia,Annelida,Polychaeta,Sabellida,Siboglinidae,Osedax,Species,WoRMS_API
Osedax nataliae,1782176,Animalia,Annelida,Polychaeta,Sabellida,Siboglinidae,Osedax,Species,WoRMS_API
Osedax nordenskjoeldi,763703,Animalia,Annelida,Polychaeta,Sabellida,Siboglinidae,Osedax,Species,WoRMS_API
Osedax packardorum,1058028,Animalia,Annelida,Polychaeta,Sabellida,Siboglinidae,Osedax,Species,WoRMS_API
Osedax priapus,1043047,Animalia,Annelida,Polychaeta,Sabellida,Siboglinidae,Osedax,Species,WoRMS_API
Osedax randyi,1058029,Animalia,Annelida,Polychaeta,Sabellida,Siboglinidae,Osedax,Species,WoRMS_API
Osedax rogersi,763649,Animalia,Annelida,Polychaeta,Sabellida,Siboglinidae,Osedax,Species,WoRMS_API
Osedax roseus,588636,Animalia,Annelida,Polychaeta,Sabellida,Siboglinidae,Osedax,Species,WoRMS_API
Osedax rubiplumus,265981,Animalia,Annelida,Polychaeta,Sabellida,Siboglinidae,Osedax,Species,WoRMS_API
Osedax ryderi,1058025,Animalia,Annelida,Polychaeta,Sabellida,Siboglinidae,Osedax,Species,WoRMS_API
Osedax sigridae,1058017,Animalia,Annelida,Polychaeta,Sabellida,Siboglinidae,Osedax,Species,WoRMS_API
Osedax talkovici,1058018,Animalia,Annelida,Polychaeta,Sabellida,Siboglinidae,Osedax,Species,WoRMS_API
Osedax tiburon,1058019,Animalia,Annelida,Polychaeta,Sabellida,Siboglinidae,Osedax,Species,WoRMS_API
Osedax traceyae,1748518,Animalia,Annelida,Polychaeta,Sabellida,Siboglinidae,Osedax,Species,WoRMS_API
Osedax ventana,1058020,Animalia,Annelida,Polychaeta,Sabellida,Siboglinidae,Osedax,Species,WoRMS_API
Osedax waadjum,1661572,Animalia,Annelida,Polychaeta,Sabellida,Siboglinidae,Osedax,Species,WoRMS_API
Osedax westernflyer,1058022,Animalia,Annelida,Polychaeta,Sabellida,Siboglinidae,Osedax,Species,WoRMS_API
Paraescarpia echinospica,265983,Animalia,Annelida,Polychaeta,Sabellida,Siboglinidae,Paraescarpia,Species,WoRMS_API
Polarsternium australe,367393,Animalia,Annelida,Polychaeta,Sabellida,Siboglinidae,Polarsternium,Species,WoRMS_API
Polarsternium evrikae,265986,Animalia,Annelida,Polychaeta,Sabellida,Siboglinidae,Polarsternium,Species,WoRMS_API
Polarsternium magnum,265987,Animalia,Annelida,Polychaeta,Sabellida,Siboglinidae,Polarsternium,Species,WoRMS_API
Polarsternium mirabile,265988,Animalia,Annelida,Polychaeta,Sabellida,Siboglinidae,Polarsternium,Species,WoRMS_API
Polarsternium rugellosum,265990,Animalia,Annelida,Polychaeta,Sabellida,Siboglinidae,Polarsternium,Species,WoRMS_API
Polybrachia annulata,265991,Animalia,Annelida,Polychaeta,Sabellida,Siboglinidae,Polybrachia,Species,WoRMS_API
Polybrachia barbata,265992,Animalia,Annelida,Polychaeta,Sabellida,Siboglinidae,Polybrachia,Species,WoRMS_API
Polybrachia canadensis,766471,Animalia,Annelida,Polychaeta,Sabellida,Siboglinidae,Polybrachia,Species,WoRMS_API
Polybrachia capillaris,766750,Animalia,Annelida,Polychaeta,Sabellida,Siboglinidae,Polybrachia,Species,WoRMS_API
Polybrachia celebensis,766756,Animalia,Annelida,Polychaeta,Sabellida,Siboglinidae,Polybrachia,Species,WoRMS_API
Polybrachia choanata,812699,Animalia,Annelida,Polychaeta,Sabellida,Siboglinidae,Polybrachia,Species,WoRMS_API
Polybrachia eastwardae,265993,Animalia,Annelida,Polychaeta,Sabellida,Siboglinidae,Polybrachia,Species,WoRMS_API
Polybrachia galatheae,767170,Animalia,Annelida,Polychaeta,Sabellida,Siboglinidae,Polybrachia,Species,WoRMS_API
Polybrachia gorbunovi,265994,Animalia,Annelida,Polychaeta,Sabellida,Siboglinidae,Polybrachia,Species,WoRMS_API
Polybrachia lepida,265995,Animalia,Annelida,Polychaeta,Sabellida,Siboglinidae,Polybrachia,Species,WoRMS_API
Polybrachia macrolamellosa,367392,Animalia,Annelida,Polychaeta,Sabellida,Siboglinidae,Polybrachia,Species,WoRMS_API
Polybrachia romanovi,265997,Animalia,Annelida,Polychaeta,Sabellida,Siboglinidae,Polybrachia,Species,WoRMS_API
Ridgeia phaeophiale,331514,Animalia,Annelida,Polychaeta,Sabellida,Siboglinidae,Ridgeia,Species,WoRMS_API
Ridgeia piscesae,266009,Animalia,Annelida,Polychaeta,Sabellida,Siboglinidae,Ridgeia,Species,WoRMS_API
Sclerolinum annulatum,1562986,Animalia,Annelida,Polychaeta,Sabellida,Siboglinidae,Sclerolinum,Species,WoRMS_API
Sclerolinum annulatus,1562991,Animalia,Annelida,Polychaeta,Sabellida,Siboglinidae,Sclerolinum,Species,WoRMS_API
Sclerolinum brattstromi,129129,Animalia,Annelida,Polychaeta,Sabellida,Siboglinidae,Sclerolinum,Species,WoRMS_API
Sclerolinum contortum,129130,Animalia,Annelida,Polychaeta,Sabellida,Siboglinidae,Sclerolinum,Species,WoRMS_API
Sclerolinum javanicum,265807,Animalia,Annelida,Polychaeta,Sabellida,Siboglinidae,Sclerolinum,Species,WoRMS_API
Sclerolinum magdalenae,265808,Animalia,Annelida,Polychaeta,Sabellida,Siboglinidae,Sclerolinum,Species,WoRMS_API
Sclerolinum major,265809,Animalia,Annelida,Polychaeta,Sabellida,Siboglinidae,Sclerolinum,Species,WoRMS_API
Sclerolinum minor,265810,Animalia,Annelida,Polychaeta,Sabellida,Siboglinidae,Sclerolinum,Species,WoRMS_API
Sclerolinum sibogae,265811,Animalia,Annelida,Polychaeta,Sabellida,Siboglinidae,Sclerolinum,Species,WoRMS_API
Seepiophila jonesi,266012,Animalia,Annelida,Polychaeta,Sabellida,Siboglinidae,Seepiophila,Species,WoRMS_API
Siboglinoides caribbeanus,266014,Animalia,Annelida,Polychaeta,Sabellida,Siboglinidae,Siboglinoides,Species,WoRMS_API
Siboglinoides columbiensis,267992,Animalia,Annelida,Polychaeta,Sabellida,Siboglinidae,Siboglinoides,Species,WoRMS_API
Siboglinoides dibrachia,266015,Animalia,Annelida,Polychaeta,Sabellida,Siboglinidae,Siboglinoides,Species,WoRMS_API
Siboglinum albatrossianum,265746,Animalia,Annelida,Polychaeta,Sabellida,Siboglinidae,Siboglinum,Species,WoRMS_API
Siboglinum angustum,129113,Animalia,Annelida,Polychaeta,Sabellida,Siboglinidae,Siboglinum,Species,WoRMS_API
Siboglinum arabicum,265747,Animalia,Annelida,Polychaeta,Sabellida,Siboglinidae,Siboglinum,Species,WoRMS_API
Siboglinum armatum,767251,Animalia,Annelida,Polychaeta,Sabellida,Siboglinidae,Siboglinum,Species,WoRMS_API
Siboglinum atlanticum,129114,Animalia,Annelida,Polychaeta,Sabellida,Siboglinidae,Siboglinum,Species,WoRMS_API
Siboglinum bayeri,265748,Animalia,Annelida,Polychaeta,Sabellida,Siboglinidae,Siboglinum,Species,WoRMS_API
Siboglinum besnardi,768176,Animalia,Annelida,Polychaeta,Sabellida,Siboglinidae,Siboglinum,Species,WoRMS_API
Siboglinum bogorovi,265749,Animalia,Annelida,Polychaeta,Sabellida,Siboglinidae,Siboglinum,Species,WoRMS_API
Siboglinum brevicephalum,129115,Animalia,Annelida,Polychaeta,Sabellida,Siboglinidae,Siboglinum,Species,WoRMS_API
Siboglinum buccelliferum,265750,Animalia,Annelida,Polychaeta,Sabellida,Siboglinidae,Siboglinum,Species,WoRMS_API
Siboglinum callosum,766836,Animalia,Annelida,Polychaeta,Sabellida,Siboglinidae,Siboglinum,Species,WoRMS_API
Siboglinum candidum,265751,Animalia,Annelida,Polychaeta,Sabellida,Siboglinidae,Siboglinum,Species,WoRMS_API
Siboglinum carpinei,766830,Animalia,Annelida,Polychaeta,Sabellida,Siboglinidae,Siboglinum,Species,WoRMS_API
Siboglinum caulleryi,265752,Animalia,Annelida,Polychaeta,Sabellida,Siboglinidae,Siboglinum,Species,WoRMS_API
Siboglinum ceylonicum,265753,Animalia,Annelida,Polychaeta,Sabellida,Siboglinidae,Siboglinum,Species,WoRMS_API
Siboglinum cinctutum,265754,Animalia,Annelida,Polychaeta,Sabellida,Siboglinidae,Siboglinum,Species,WoRMS_API
Siboglinum concinnum,265755,Animalia,Annelida,Polychaeta,Sabellida,Siboglinidae,Siboglinum,Species,WoRMS_API
Siboglinum debile,265756,Animalia,Annelida,Polychaeta,Sabellida,Siboglinidae,Siboglinum,Species,WoRMS_API
Siboglinum ecuadoricum,265757,Animalia,Annelida,Polychaeta,Sabellida,Siboglinidae,Siboglinum,Species,WoRMS_API
Siboglinum ekmani,129116,Animalia,Annelida,Polychaeta,Sabellida,Siboglinidae,Siboglinum,Species,WoRMS_API
Siboglinum elongatum,766833,Animalia,Annelida,Polychaeta,Sabellida,Siboglinidae,Siboglinum,Species,WoRMS_API
Siboglinum exile,265758,Animalia,Annelida,Polychaeta,Sabellida,Siboglinidae,Siboglinum,Species,WoRMS_API
Siboglinum fasciatum,766832,Animalia,Annelida,Polychaeta,Sabellida,Siboglinidae,Siboglinum,Species,WoRMS_API
Siboglinum fedotovi,265759,Animalia,Annelida,Polychaeta,Sabellida,Siboglinidae,Siboglinum,Species,WoRMS_API
Siboglinum fiordicum,129117,Animalia,Annelida,Polychaeta,Sabellida,Siboglinidae,Siboglinum,Species,WoRMS_API
Siboglinum frenigerum,265760,Animalia,Annelida,Polychaeta,Sabellida,Siboglinidae,Siboglinum,Species,WoRMS_API
Siboglinum fulgens,265761,Animalia,Annelida,Polychaeta,Sabellida,Siboglinidae,Siboglinum,Species,WoRMS_API
Siboglinum gosnoldae,265762,Animalia,Annelida,Polychaeta,Sabellida,Siboglinidae,Siboglinum,Species,WoRMS_API
Siboglinum holmei,129118,Animalia,Annelida,Polychaeta,Sabellida,Siboglinidae,Siboglinum,Species,WoRMS_API
Siboglinum hyperboreum,129119,Animalia,Annelida,Polychaeta,Sabellida,Siboglinidae,Siboglinum,Species,WoRMS_API
Siboglinum inerme,129120,Animalia,Annelida,Polychaeta,Sabellida,Siboglinidae,Siboglinum,Species,WoRMS_API
Siboglinum japonicum,265763,Animalia,Annelida,Polychaeta,Sabellida,Siboglinidae,Siboglinum,Species,WoRMS_API
Siboglinum lacteum,129121,Animalia,Annelida,Polychaeta,Sabellida,Siboglinidae,Siboglinum,Species,WoRMS_API
Siboglinum leucopleurum,129122,Animalia,Annelida,Polychaeta,Sabellida,Siboglinidae,Siboglinum,Species,WoRMS_API
Siboglinum longicollum,265764,Animalia,Annelida,Polychaeta,Sabellida,Siboglinidae,Siboglinum,Species,WoRMS_API
Siboglinum longimanus,766835,Animalia,Annelida,Polychaeta,Sabellida,Siboglinidae,Siboglinum,Species,WoRMS_API
Siboglinum macrobrachium,265765,Animalia,Annelida,Polychaeta,Sabellida,Siboglinidae,Siboglinum,Species,WoRMS_API
Siboglinum mergophorum,265766,Animalia,Annelida,Polychaeta,Sabellida,Siboglinidae,Siboglinum,Species,WoRMS_API
Siboglinum meridiale,265767,Animalia,Annelida,Polychaeta,Sabellida,Siboglinidae,Siboglinum,Species,WoRMS_API
Siboglinum microcephalum,265768,Animalia,Annelida,Polychaeta,Sabellida,Siboglinidae,Siboglinum,Species,WoRMS_API
Siboglinum minutum,265769,Animalia,Annelida,Polychaeta,Sabellida,Siboglinidae,Siboglinum,Species,WoRMS_API
Siboglinum modestum,265770,Animalia,Annelida,Polychaeta,Sabellida,Siboglinidae,Siboglinum,Species,WoRMS_API
Siboglinum nanum,265771,Animalia,Annelida,Polychaeta,Sabellida,Siboglinidae,Siboglinum,Species,WoRMS_API
Siboglinum nonatoi,768177,Animalia,Annelida,Polychaeta,Sabellida,Siboglinidae,Siboglinum,Species,WoRMS_API
Siboglinum norvegicum,129123,Animalia,Annelida,Polychaeta,Sabellida,Siboglinidae,Siboglinum,Species,WoRMS_API
Siboglinum ordinatum,265772,Animalia,Annelida,Polychaeta,Sabellida,Siboglinidae,Siboglinum,Species,WoRMS_API
Siboglinum oregoni,265773,Animalia,Annelida,Polychaeta,Sabellida,Siboglinidae,Siboglinum,Species,WoRMS_API
Siboglinum parvulum,265774,Animalia,Annelida,Polychaeta,Sabellida,Siboglinidae,Siboglinum,Species,WoRMS_API
Siboglinum pellucidum,265775,Animalia,Annelida,Polychaeta,Sabellida,Siboglinidae,Siboglinum,Species,WoRMS_API
Siboglinum pholidotum,129124,Animalia,Annelida,Polychaeta,Sabellida,Siboglinidae,Siboglinum,Species,WoRMS_API
Siphonobrachia ilyophora,266016,Animalia,Annelida,Polychaeta,Sabellida,Siboglinidae,Siphonobrachia,Species,WoRMS_API
Siphonobrachia lauensis,266017,Animalia,Annelida,Polychaeta,Sabellida,Siboglinidae,Siphonobrachia,Species,WoRMS_API
Spirobrachia beklemischevi,766413,Animalia,Annelida,Polychaeta,Sabellida,Siboglinidae,Spirobrachia,Species,WoRMS_API
Spirobrachia grandis,266019,Animalia,Annelida,Polychaeta,Sabellida,Siboglinidae,Spirobrachia,Species,WoRMS_API
Spirobrachia leospira,266020,Animalia,Annelida,Polychaeta,Sabellida,Siboglinidae,Spirobrachia,Species,WoRMS_API
Spirobrachia orkneyensis,367391,Animalia,Annelida,Polychaeta,Sabellida,Siboglinidae,Spirobrachia,Species,WoRMS_API
Spirobrachia tripeira,380415,Animalia,Annelida,Polychaeta,Sabellida,Siboglinidae,Spirobrachia,Species,WoRMS_API
Unibrachium colombianum,266034,Animalia,Annelida,Polychaeta,Sabellida,Siboglinidae,Unibrachium,Species,WoRMS_API
Unibrachium tenuifrenum,766428,Animalia,Annelida,Polychaeta,Sabellida,Siboglinidae,Unibrachium,Species,WoRMS_API
Volvobrachia beklemischevi,266038,Animalia,Annelida,Polychaeta,Sabellida,Siboglinidae,Volvobrachia,Species,WoRMS_API
Zenkevitchiana longissima,266039,Animalia,Annelida,Polychaeta,Sabellida,Siboglinidae,Zenkevitchiana,Species,WoRMS_API
